t=,0, id=,B00, PRDE,actvstrat=,0.164932, actvprof=,0.000000, id=,B01, PRDE,actvstrat=,0.703409, actvprof=,0.000000, id=,B02, PRDE,actvstrat=,-0.277599, actvprof=,0.000000, id=,B03, PRDE,actvstrat=,-0.891455, actvprof=,0.000000, id=,B04, PRDE,actvstrat=,0.094161, actvprof=,0.000000, id=,B05, PRDE,actvstrat=,-0.399653, actvprof=,0.000000, id=,B06, PRDE,actvstrat=,-0.971362, actvprof=,0.000000, id=,B07, PRDE,actvstrat=,0.356979, actvprof=,0.000000, id=,B08, PRDE,actvstrat=,0.188996, actvprof=,0.000000, id=,B09, PRDE,actvstrat=,-0.880621, actvprof=,0.000000, id=,B10, PRDE,actvstrat=,-0.721281, actvprof=,0.000000, id=,B11, PRDE,actvstrat=,0.894421, actvprof=,0.000000, id=,B12, PRDE,actvstrat=,0.938595, actvprof=,0.000000, id=,B13, PRDE,actvstrat=,0.466743, actvprof=,0.000000, id=,B14, PRDE,actvstrat=,0.906941, actvprof=,0.000000, id=,B15, PRDE,actvstrat=,0.726910, actvprof=,0.000000, id=,B16, PRDE,actvstrat=,-0.358144, actvprof=,0.000000, id=,B17, PRDE,actvstrat=,-0.708502, actvprof=,0.000000, id=,B18, PRDE,actvstrat=,0.799104, actvprof=,0.000000, id=,B19, PRDE,actvstrat=,0.508852, actvprof=,0.000000, id=,B20, PRDE,actvstrat=,0.961972, actvprof=,0.000000, id=,B21, PRDE,actvstrat=,0.236092, actvprof=,0.000000, id=,B22, PRDE,actvstrat=,-0.110150, actvprof=,0.000000, id=,B23, PRDE,actvstrat=,0.384296, actvprof=,0.000000, id=,B24, PRDE,actvstrat=,0.736862, actvprof=,0.000000, id=,B25, PRDE,actvstrat=,-0.958306, actvprof=,0.000000, id=,B26, PRDE,actvstrat=,-0.887553, actvprof=,0.000000, id=,B27, PRDE,actvstrat=,-0.269453, actvprof=,0.000000, id=,B28, PRDE,actvstrat=,-0.465216, actvprof=,0.000000, id=,B29, PRDE,actvstrat=,0.392384, actvprof=,0.000000, id=,S00, PRDE,actvstrat=,0.624579, actvprof=,0.000000, id=,S01, PRDE,actvstrat=,-0.087211, actvprof=,0.000000, id=,S02, PRDE,actvstrat=,-0.162789, actvprof=,0.000000, id=,S03, PRDE,actvstrat=,0.872241, actvprof=,0.000000, id=,S04, PRDE,actvstrat=,-0.303449, actvprof=,0.000000, id=,S05, PRDE,actvstrat=,0.019961, actvprof=,0.000000, id=,S06, PRDE,actvstrat=,0.413303, actvprof=,0.000000, id=,S07, PRDE,actvstrat=,-0.612104, actvprof=,0.000000, id=,S08, PRDE,actvstrat=,-0.552247, actvprof=,0.000000, id=,S09, PRDE,actvstrat=,0.454578, actvprof=,0.000000, id=,S10, PRDE,actvstrat=,-0.950483, actvprof=,0.000000, id=,S11, PRDE,actvstrat=,0.775458, actvprof=,0.000000, id=,S12, PRDE,actvstrat=,-0.807151, actvprof=,0.000000, id=,S13, PRDE,actvstrat=,0.857096, actvprof=,0.000000, id=,S14, PRDE,actvstrat=,-0.238209, actvprof=,0.000000, id=,S15, PRDE,actvstrat=,-0.960577, actvprof=,0.000000, id=,S16, PRDE,actvstrat=,0.278511, actvprof=,0.000000, id=,S17, PRDE,actvstrat=,0.655806, actvprof=,0.000000, id=,S18, PRDE,actvstrat=,-0.381974, actvprof=,0.000000, id=,S19, PRDE,actvstrat=,0.654573, actvprof=,0.000000, id=,S20, PRDE,actvstrat=,-0.437223, actvprof=,0.000000, id=,S21, PRDE,actvstrat=,0.423936, actvprof=,0.000000, id=,S22, PRDE,actvstrat=,-0.198470, actvprof=,0.000000, id=,S23, PRDE,actvstrat=,-0.174330, actvprof=,0.000000, id=,S24, PRDE,actvstrat=,0.958908, actvprof=,0.000000, id=,S25, PRDE,actvstrat=,-0.483334, actvprof=,0.000000, id=,S26, PRDE,actvstrat=,-0.117303, actvprof=,0.000000, id=,S27, PRDE,actvstrat=,-0.358528, actvprof=,0.000000, id=,S28, PRDE,actvstrat=,-0.449839, actvprof=,0.000000, id=,S29, PRDE,actvstrat=,0.687720, actvprof=,0.000000, best_B_id=,B00, best_B_prof=,0.000000, best_B_strat=,0.164932, best_S_id=,S00, best_S_prof=,0.000000, best_S_strat=,0.624579, 
t=,3600, id=,B00, PRDE,actvstrat=,0.164932, actvprof=,0.000000, id=,B01, PRDE,actvstrat=,0.703409, actvprof=,0.000000, id=,B02, PRDE,actvstrat=,-0.277599, actvprof=,0.000000, id=,B03, PRDE,actvstrat=,-0.891455, actvprof=,0.000000, id=,B04, PRDE,actvstrat=,0.094161, actvprof=,0.000000, id=,B05, PRDE,actvstrat=,-0.399653, actvprof=,0.000000, id=,B06, PRDE,actvstrat=,-0.971362, actvprof=,0.000000, id=,B07, PRDE,actvstrat=,0.356979, actvprof=,0.000000, id=,B08, PRDE,actvstrat=,0.188996, actvprof=,0.000000, id=,B09, PRDE,actvstrat=,-0.880621, actvprof=,0.000000, id=,B10, PRDE,actvstrat=,-0.721281, actvprof=,0.000000, id=,B11, PRDE,actvstrat=,0.894421, actvprof=,0.003889, id=,B12, PRDE,actvstrat=,0.938595, actvprof=,0.023611, id=,B13, PRDE,actvstrat=,0.466743, actvprof=,0.012778, id=,B14, PRDE,actvstrat=,0.906941, actvprof=,0.083611, id=,B15, PRDE,actvstrat=,0.726910, actvprof=,0.075278, id=,B16, PRDE,actvstrat=,-0.358144, actvprof=,0.042500, id=,B17, PRDE,actvstrat=,-0.708502, actvprof=,0.015556, id=,B18, PRDE,actvstrat=,0.799104, actvprof=,0.460556, id=,B19, PRDE,actvstrat=,0.508852, actvprof=,0.386944, id=,B20, PRDE,actvstrat=,0.961972, actvprof=,0.607778, id=,B21, PRDE,actvstrat=,0.236092, actvprof=,0.577778, id=,B22, PRDE,actvstrat=,-0.110150, actvprof=,0.400556, id=,B23, PRDE,actvstrat=,0.384296, actvprof=,1.137500, id=,B24, PRDE,actvstrat=,0.736862, actvprof=,1.667500, id=,B25, PRDE,actvstrat=,-0.958306, actvprof=,2.391389, id=,B26, PRDE,actvstrat=,-0.887553, actvprof=,1.647778, id=,B27, PRDE,actvstrat=,-0.269453, actvprof=,1.171944, id=,B28, PRDE,actvstrat=,-0.465216, actvprof=,1.666667, id=,B29, PRDE,actvstrat=,0.392384, actvprof=,2.997778, id=,S00, PRDE,actvstrat=,0.624579, actvprof=,6.421667, id=,S01, PRDE,actvstrat=,-0.087211, actvprof=,2.828056, id=,S02, PRDE,actvstrat=,-0.162789, actvprof=,2.053333, id=,S03, PRDE,actvstrat=,0.872241, actvprof=,6.828056, id=,S04, PRDE,actvstrat=,-0.303449, actvprof=,1.303611, id=,S05, PRDE,actvstrat=,0.019961, actvprof=,2.549167, id=,S06, PRDE,actvstrat=,0.413303, actvprof=,3.232222, id=,S07, PRDE,actvstrat=,-0.612104, actvprof=,0.626111, id=,S08, PRDE,actvstrat=,-0.552247, actvprof=,0.651111, id=,S09, PRDE,actvstrat=,0.454578, actvprof=,1.959722, id=,S10, PRDE,actvstrat=,-0.950483, actvprof=,0.224444, id=,S11, PRDE,actvstrat=,0.775458, actvprof=,2.381389, id=,S12, PRDE,actvstrat=,-0.807151, actvprof=,0.061111, id=,S13, PRDE,actvstrat=,0.857096, actvprof=,2.027500, id=,S14, PRDE,actvstrat=,-0.238209, actvprof=,0.098611, id=,S15, PRDE,actvstrat=,-0.960577, actvprof=,0.323056, id=,S16, PRDE,actvstrat=,0.278511, actvprof=,0.278611, id=,S17, PRDE,actvstrat=,0.655806, actvprof=,0.433333, id=,S18, PRDE,actvstrat=,-0.381974, actvprof=,0.011667, id=,S19, PRDE,actvstrat=,0.654573, actvprof=,0.153056, id=,S20, PRDE,actvstrat=,-0.437223, actvprof=,0.004167, id=,S21, PRDE,actvstrat=,0.423936, actvprof=,0.036111, id=,S22, PRDE,actvstrat=,-0.198470, actvprof=,0.000000, id=,S23, PRDE,actvstrat=,-0.174330, actvprof=,0.000000, id=,S24, PRDE,actvstrat=,0.958908, actvprof=,0.039167, id=,S25, PRDE,actvstrat=,-0.483334, actvprof=,0.000000, id=,S26, PRDE,actvstrat=,-0.117303, actvprof=,0.000000, id=,S27, PRDE,actvstrat=,-0.358528, actvprof=,0.000000, id=,S28, PRDE,actvstrat=,-0.449839, actvprof=,0.000000, id=,S29, PRDE,actvstrat=,0.687720, actvprof=,0.000000, best_B_id=,B29, best_B_prof=,2.997778, best_B_strat=,0.392384, best_S_id=,S03, best_S_prof=,6.828056, best_S_strat=,0.872241, 
t=,7200, id=,B00, PRDE,actvstrat=,0.448747, actvprof=,0.000000, id=,B01, PRDE,actvstrat=,0.289678, actvprof=,0.000000, id=,B02, PRDE,actvstrat=,0.409510, actvprof=,0.000000, id=,B03, PRDE,actvstrat=,0.563377, actvprof=,0.000000, id=,B04, PRDE,actvstrat=,-0.596365, actvprof=,0.000000, id=,B05, PRDE,actvstrat=,-0.306678, actvprof=,0.000000, id=,B06, PRDE,actvstrat=,0.186321, actvprof=,0.000000, id=,B07, PRDE,actvstrat=,-0.594251, actvprof=,0.000000, id=,B08, PRDE,actvstrat=,-0.000594, actvprof=,0.000000, id=,B09, PRDE,actvstrat=,0.770766, actvprof=,0.000000, id=,B10, PRDE,actvstrat=,0.890136, actvprof=,0.000000, id=,B11, PRDE,actvstrat=,0.903068, actvprof=,0.000000, id=,B12, PRDE,actvstrat=,0.949573, actvprof=,0.000000, id=,B13, PRDE,actvstrat=,-0.404137, actvprof=,0.000000, id=,B14, PRDE,actvstrat=,-0.391781, actvprof=,0.000000, id=,B15, PRDE,actvstrat=,0.258378, actvprof=,0.000000, id=,B16, PRDE,actvstrat=,-0.109621, actvprof=,0.000000, id=,B17, PRDE,actvstrat=,-0.104082, actvprof=,0.000000, id=,B18, PRDE,actvstrat=,0.291718, actvprof=,0.000000, id=,B19, PRDE,actvstrat=,0.112139, actvprof=,0.000000, id=,B20, PRDE,actvstrat=,-0.079924, actvprof=,0.000000, id=,B21, PRDE,actvstrat=,0.274165, actvprof=,0.000000, id=,B22, PRDE,actvstrat=,0.301822, actvprof=,0.000000, id=,B23, PRDE,actvstrat=,0.931041, actvprof=,0.000000, id=,B24, PRDE,actvstrat=,-0.033105, actvprof=,0.000000, id=,B25, PRDE,actvstrat=,0.722720, actvprof=,0.000000, id=,B26, PRDE,actvstrat=,-0.232526, actvprof=,0.000000, id=,B27, PRDE,actvstrat=,-0.901762, actvprof=,0.000000, id=,B28, PRDE,actvstrat=,0.096259, actvprof=,0.000000, id=,B29, PRDE,actvstrat=,0.082271, actvprof=,0.000000, id=,S00, PRDE,actvstrat=,-0.208236, actvprof=,0.000000, id=,S01, PRDE,actvstrat=,-0.502252, actvprof=,0.000000, id=,S02, PRDE,actvstrat=,0.302911, actvprof=,0.000000, id=,S03, PRDE,actvstrat=,0.329165, actvprof=,0.000000, id=,S04, PRDE,actvstrat=,0.985621, actvprof=,0.000000, id=,S05, PRDE,actvstrat=,0.571561, actvprof=,0.000000, id=,S06, PRDE,actvstrat=,-0.053866, actvprof=,0.000000, id=,S07, PRDE,actvstrat=,0.570738, actvprof=,0.000000, id=,S08, PRDE,actvstrat=,0.650216, actvprof=,0.000000, id=,S09, PRDE,actvstrat=,0.659208, actvprof=,0.000000, id=,S10, PRDE,actvstrat=,-0.764109, actvprof=,0.000000, id=,S11, PRDE,actvstrat=,-0.678028, actvprof=,0.000000, id=,S12, PRDE,actvstrat=,0.136504, actvprof=,0.000000, id=,S13, PRDE,actvstrat=,-0.923908, actvprof=,0.000000, id=,S14, PRDE,actvstrat=,-0.775806, actvprof=,0.000000, id=,S15, PRDE,actvstrat=,-0.197486, actvprof=,0.000000, id=,S16, PRDE,actvstrat=,-0.836266, actvprof=,0.000000, id=,S17, PRDE,actvstrat=,-0.860708, actvprof=,0.000000, id=,S18, PRDE,actvstrat=,-0.073682, actvprof=,0.000000, id=,S19, PRDE,actvstrat=,-0.775343, actvprof=,0.000000, id=,S20, PRDE,actvstrat=,0.329023, actvprof=,0.000000, id=,S21, PRDE,actvstrat=,0.640033, actvprof=,0.000000, id=,S22, PRDE,actvstrat=,0.005609, actvprof=,0.000000, id=,S23, PRDE,actvstrat=,-0.515632, actvprof=,0.000000, id=,S24, PRDE,actvstrat=,0.712133, actvprof=,0.000000, id=,S25, PRDE,actvstrat=,-0.092204, actvprof=,0.000000, id=,S26, PRDE,actvstrat=,-0.131219, actvprof=,0.000000, id=,S27, PRDE,actvstrat=,0.465916, actvprof=,0.000000, id=,S28, PRDE,actvstrat=,-0.363579, actvprof=,0.000000, id=,S29, PRDE,actvstrat=,-0.555153, actvprof=,0.000000, best_B_id=,B00, best_B_prof=,0.000000, best_B_strat=,0.448747, best_S_id=,S00, best_S_prof=,0.000000, best_S_strat=,-0.208236, 
t=,10800, id=,B00, PRDE,actvstrat=,0.448747, actvprof=,0.000000, id=,B01, PRDE,actvstrat=,0.289678, actvprof=,0.000000, id=,B02, PRDE,actvstrat=,0.409510, actvprof=,0.000000, id=,B03, PRDE,actvstrat=,0.563377, actvprof=,0.000000, id=,B04, PRDE,actvstrat=,-0.596365, actvprof=,0.000000, id=,B05, PRDE,actvstrat=,-0.306678, actvprof=,0.000000, id=,B06, PRDE,actvstrat=,0.186321, actvprof=,0.000000, id=,B07, PRDE,actvstrat=,-0.594251, actvprof=,0.000000, id=,B08, PRDE,actvstrat=,-0.000594, actvprof=,0.000000, id=,B09, PRDE,actvstrat=,0.770766, actvprof=,0.000556, id=,B10, PRDE,actvstrat=,0.890136, actvprof=,0.009167, id=,B11, PRDE,actvstrat=,0.903068, actvprof=,0.036389, id=,B12, PRDE,actvstrat=,0.949573, actvprof=,0.106944, id=,B13, PRDE,actvstrat=,-0.404137, actvprof=,0.012778, id=,B14, PRDE,actvstrat=,-0.391781, actvprof=,0.015833, id=,B15, PRDE,actvstrat=,0.258378, actvprof=,0.095000, id=,B16, PRDE,actvstrat=,-0.109621, actvprof=,0.091667, id=,B17, PRDE,actvstrat=,-0.104082, actvprof=,0.135000, id=,B18, PRDE,actvstrat=,0.291718, actvprof=,0.348056, id=,B19, PRDE,actvstrat=,0.112139, actvprof=,0.417778, id=,B20, PRDE,actvstrat=,-0.079924, actvprof=,0.405278, id=,B21, PRDE,actvstrat=,0.274165, actvprof=,0.731111, id=,B22, PRDE,actvstrat=,0.301822, actvprof=,0.860556, id=,B23, PRDE,actvstrat=,0.931041, actvprof=,1.242500, id=,B24, PRDE,actvstrat=,-0.033105, actvprof=,1.140556, id=,B25, PRDE,actvstrat=,0.722720, actvprof=,2.113333, id=,B26, PRDE,actvstrat=,-0.232526, actvprof=,1.317778, id=,B27, PRDE,actvstrat=,-0.901762, actvprof=,2.777778, id=,B28, PRDE,actvstrat=,0.096259, actvprof=,2.377222, id=,B29, PRDE,actvstrat=,0.082271, actvprof=,2.718889, id=,S00, PRDE,actvstrat=,-0.208236, actvprof=,2.457500, id=,S01, PRDE,actvstrat=,-0.502252, actvprof=,1.645278, id=,S02, PRDE,actvstrat=,0.302911, actvprof=,4.179722, id=,S03, PRDE,actvstrat=,0.329165, actvprof=,4.027778, id=,S04, PRDE,actvstrat=,0.985621, actvprof=,5.927222, id=,S05, PRDE,actvstrat=,0.571561, actvprof=,4.171944, id=,S06, PRDE,actvstrat=,-0.053866, actvprof=,1.593056, id=,S07, PRDE,actvstrat=,0.570738, actvprof=,3.238333, id=,S08, PRDE,actvstrat=,0.650216, actvprof=,3.142222, id=,S09, PRDE,actvstrat=,0.659208, actvprof=,3.040000, id=,S10, PRDE,actvstrat=,-0.764109, actvprof=,0.243056, id=,S11, PRDE,actvstrat=,-0.678028, actvprof=,0.250833, id=,S12, PRDE,actvstrat=,0.136504, actvprof=,0.983333, id=,S13, PRDE,actvstrat=,-0.923908, actvprof=,0.171389, id=,S14, PRDE,actvstrat=,-0.775806, actvprof=,0.098333, id=,S15, PRDE,actvstrat=,-0.197486, actvprof=,0.111667, id=,S16, PRDE,actvstrat=,-0.836266, actvprof=,0.045278, id=,S17, PRDE,actvstrat=,-0.860708, actvprof=,0.006389, id=,S18, PRDE,actvstrat=,-0.073682, actvprof=,0.087500, id=,S19, PRDE,actvstrat=,-0.775343, actvprof=,0.015833, id=,S20, PRDE,actvstrat=,0.329023, actvprof=,0.101389, id=,S21, PRDE,actvstrat=,0.640033, actvprof=,0.121667, id=,S22, PRDE,actvstrat=,0.005609, actvprof=,0.028056, id=,S23, PRDE,actvstrat=,-0.515632, actvprof=,0.000000, id=,S24, PRDE,actvstrat=,0.712133, actvprof=,0.024167, id=,S25, PRDE,actvstrat=,-0.092204, actvprof=,0.000000, id=,S26, PRDE,actvstrat=,-0.131219, actvprof=,0.000000, id=,S27, PRDE,actvstrat=,0.465916, actvprof=,0.001944, id=,S28, PRDE,actvstrat=,-0.363579, actvprof=,0.000000, id=,S29, PRDE,actvstrat=,-0.555153, actvprof=,0.000000, best_B_id=,B27, best_B_prof=,2.777778, best_B_strat=,-0.901762, best_S_id=,S04, best_S_prof=,5.927222, best_S_strat=,0.985621, 
t=,14400, id=,B00, PRDE,actvstrat=,0.448747, actvprof=,0.000000, id=,B01, PRDE,actvstrat=,0.289678, actvprof=,0.000000, id=,B02, PRDE,actvstrat=,0.409510, actvprof=,0.000000, id=,B03, PRDE,actvstrat=,0.563377, actvprof=,0.000000, id=,B04, PRDE,actvstrat=,-0.596365, actvprof=,0.000000, id=,B05, PRDE,actvstrat=,-0.306678, actvprof=,0.000000, id=,B06, PRDE,actvstrat=,0.186321, actvprof=,0.000694, id=,B07, PRDE,actvstrat=,-0.594251, actvprof=,0.000000, id=,B08, PRDE,actvstrat=,-0.000594, actvprof=,0.000000, id=,B09, PRDE,actvstrat=,0.770766, actvprof=,0.002083, id=,B10, PRDE,actvstrat=,0.890136, actvprof=,0.011250, id=,B11, PRDE,actvstrat=,0.903068, actvprof=,0.044722, id=,B12, PRDE,actvstrat=,0.949573, actvprof=,0.107778, id=,B13, PRDE,actvstrat=,-0.404137, actvprof=,0.012639, id=,B14, PRDE,actvstrat=,-0.391781, actvprof=,0.017639, id=,B15, PRDE,actvstrat=,0.258378, actvprof=,0.083194, id=,B16, PRDE,actvstrat=,-0.109621, actvprof=,0.084306, id=,B17, PRDE,actvstrat=,-0.104082, actvprof=,0.129444, id=,B18, PRDE,actvstrat=,0.291718, actvprof=,0.334167, id=,B19, PRDE,actvstrat=,0.112139, actvprof=,0.418056, id=,B20, PRDE,actvstrat=,-0.079924, actvprof=,0.417917, id=,B21, PRDE,actvstrat=,0.274165, actvprof=,0.732222, id=,B22, PRDE,actvstrat=,0.301822, actvprof=,0.946111, id=,B23, PRDE,actvstrat=,0.931041, actvprof=,1.264444, id=,B24, PRDE,actvstrat=,-0.033105, actvprof=,1.174306, id=,B25, PRDE,actvstrat=,0.722720, actvprof=,2.177778, id=,B26, PRDE,actvstrat=,-0.232526, actvprof=,1.297778, id=,B27, PRDE,actvstrat=,-0.901762, actvprof=,2.710278, id=,B28, PRDE,actvstrat=,0.096259, actvprof=,2.363889, id=,B29, PRDE,actvstrat=,0.082271, actvprof=,2.749444, id=,S00, PRDE,actvstrat=,-0.208236, actvprof=,2.490278, id=,S01, PRDE,actvstrat=,-0.502252, actvprof=,1.892917, id=,S02, PRDE,actvstrat=,0.302911, actvprof=,4.257361, id=,S03, PRDE,actvstrat=,0.329165, actvprof=,3.923611, id=,S04, PRDE,actvstrat=,0.985621, actvprof=,5.941528, id=,S05, PRDE,actvstrat=,0.571561, actvprof=,4.065833, id=,S06, PRDE,actvstrat=,-0.053866, actvprof=,1.570694, id=,S07, PRDE,actvstrat=,0.570738, actvprof=,3.299583, id=,S08, PRDE,actvstrat=,0.650216, actvprof=,3.162778, id=,S09, PRDE,actvstrat=,0.659208, actvprof=,2.991528, id=,S10, PRDE,actvstrat=,-0.764109, actvprof=,0.305139, id=,S11, PRDE,actvstrat=,-0.678028, actvprof=,0.329444, id=,S12, PRDE,actvstrat=,0.136504, actvprof=,0.911528, id=,S13, PRDE,actvstrat=,-0.923908, actvprof=,0.172083, id=,S14, PRDE,actvstrat=,-0.775806, actvprof=,0.090694, id=,S15, PRDE,actvstrat=,-0.197486, actvprof=,0.143333, id=,S16, PRDE,actvstrat=,-0.836266, actvprof=,0.024306, id=,S17, PRDE,actvstrat=,-0.860708, actvprof=,0.005417, id=,S18, PRDE,actvstrat=,-0.073682, actvprof=,0.087361, id=,S19, PRDE,actvstrat=,-0.775343, actvprof=,0.012639, id=,S20, PRDE,actvstrat=,0.329023, actvprof=,0.092083, id=,S21, PRDE,actvstrat=,0.640033, actvprof=,0.092778, id=,S22, PRDE,actvstrat=,0.005609, actvprof=,0.023472, id=,S23, PRDE,actvstrat=,-0.515632, actvprof=,0.001944, id=,S24, PRDE,actvstrat=,0.712133, actvprof=,0.018750, id=,S25, PRDE,actvstrat=,-0.092204, actvprof=,0.000000, id=,S26, PRDE,actvstrat=,-0.131219, actvprof=,0.000000, id=,S27, PRDE,actvstrat=,0.465916, actvprof=,0.001528, id=,S28, PRDE,actvstrat=,-0.363579, actvprof=,0.000000, id=,S29, PRDE,actvstrat=,-0.555153, actvprof=,0.000000, best_B_id=,B29, best_B_prof=,2.749444, best_B_strat=,0.082271, best_S_id=,S04, best_S_prof=,5.941528, best_S_strat=,0.985621, 
t=,18000, id=,B00, PRDE,actvstrat=,0.448747, actvprof=,0.000000, id=,B01, PRDE,actvstrat=,-0.060994, actvprof=,0.000000, id=,B02, PRDE,actvstrat=,0.555542, actvprof=,0.000000, id=,B03, PRDE,actvstrat=,0.119688, actvprof=,0.000000, id=,B04, PRDE,actvstrat=,0.946300, actvprof=,0.000000, id=,B05, PRDE,actvstrat=,-0.306678, actvprof=,0.000000, id=,B06, PRDE,actvstrat=,0.779263, actvprof=,0.000278, id=,B07, PRDE,actvstrat=,-0.594251, actvprof=,0.000000, id=,B08, PRDE,actvstrat=,-0.000594, actvprof=,0.000833, id=,B09, PRDE,actvstrat=,-0.317124, actvprof=,0.000000, id=,B10, PRDE,actvstrat=,0.896798, actvprof=,0.068889, id=,B11, PRDE,actvstrat=,-0.878834, actvprof=,0.037500, id=,B12, PRDE,actvstrat=,-0.217714, actvprof=,0.009722, id=,B13, PRDE,actvstrat=,-0.321850, actvprof=,0.027222, id=,B14, PRDE,actvstrat=,-0.175108, actvprof=,0.033333, id=,B15, PRDE,actvstrat=,0.258378, actvprof=,0.140001, id=,B16, PRDE,actvstrat=,-0.109621, actvprof=,0.137223, id=,B17, PRDE,actvstrat=,-0.087885, actvprof=,0.205834, id=,B18, PRDE,actvstrat=,0.464844, actvprof=,0.574447, id=,B19, PRDE,actvstrat=,0.911579, actvprof=,1.043894, id=,B20, PRDE,actvstrat=,-0.894892, actvprof=,1.153894, id=,B21, PRDE,actvstrat=,0.138855, actvprof=,0.882504, id=,B22, PRDE,actvstrat=,0.664289, actvprof=,1.521118, id=,B23, PRDE,actvstrat=,0.931041, actvprof=,1.652508, id=,B24, PRDE,actvstrat=,-0.033105, actvprof=,1.406395, id=,B25, PRDE,actvstrat=,0.283918, actvprof=,2.052510, id=,B26, PRDE,actvstrat=,0.537737, actvprof=,2.673623, id=,B27, PRDE,actvstrat=,0.296793, actvprof=,2.704457, id=,B28, PRDE,actvstrat=,-0.637475, actvprof=,2.153343, id=,B29, PRDE,actvstrat=,0.344716, actvprof=,3.481405, id=,S00, PRDE,actvstrat=,-0.776941, actvprof=,1.388895, id=,S01, PRDE,actvstrat=,-0.258229, actvprof=,1.826675, id=,S02, PRDE,actvstrat=,0.732651, actvprof=,5.885861, id=,S03, PRDE,actvstrat=,-0.678045, actvprof=,1.220006, id=,S04, PRDE,actvstrat=,0.985621, actvprof=,5.217246, id=,S05, PRDE,actvstrat=,0.571561, actvprof=,3.769184, id=,S06, PRDE,actvstrat=,0.358187, actvprof=,2.537790, id=,S07, PRDE,actvstrat=,0.708249, actvprof=,3.491683, id=,S08, PRDE,actvstrat=,-0.209490, actvprof=,0.594725, id=,S09, PRDE,actvstrat=,0.659208, actvprof=,2.348066, id=,S10, PRDE,actvstrat=,-0.764109, actvprof=,0.268890, id=,S11, PRDE,actvstrat=,-0.981628, actvprof=,1.616396, id=,S12, PRDE,actvstrat=,0.637312, actvprof=,1.601396, id=,S13, PRDE,actvstrat=,0.847155, actvprof=,1.955287, id=,S14, PRDE,actvstrat=,-0.775806, actvprof=,0.037500, id=,S15, PRDE,actvstrat=,-0.960577, actvprof=,0.471391, id=,S16, PRDE,actvstrat=,0.524464, actvprof=,0.466669, id=,S17, PRDE,actvstrat=,0.823234, actvprof=,0.834448, id=,S18, PRDE,actvstrat=,-0.073682, actvprof=,0.043889, id=,S19, PRDE,actvstrat=,-0.371128, actvprof=,0.019722, id=,S20, PRDE,actvstrat=,-0.499095, actvprof=,0.008056, id=,S21, PRDE,actvstrat=,0.640033, actvprof=,0.081111, id=,S22, PRDE,actvstrat=,0.456281, actvprof=,0.020556, id=,S23, PRDE,actvstrat=,-0.515632, actvprof=,0.000000, id=,S24, PRDE,actvstrat=,-0.752330, actvprof=,0.000000, id=,S25, PRDE,actvstrat=,-0.449173, actvprof=,0.000000, id=,S26, PRDE,actvstrat=,-0.849665, actvprof=,0.000000, id=,S27, PRDE,actvstrat=,-0.337132, actvprof=,0.000000, id=,S28, PRDE,actvstrat=,-0.363579, actvprof=,0.000000, id=,S29, PRDE,actvstrat=,-0.524922, actvprof=,0.000000, best_B_id=,B29, best_B_prof=,3.481405, best_B_strat=,0.344716, best_S_id=,S02, best_S_prof=,5.885861, best_S_strat=,0.732651, 
t=,21600, id=,B00, PRDE,actvstrat=,0.448747, actvprof=,0.000000, id=,B01, PRDE,actvstrat=,-0.060994, actvprof=,0.000000, id=,B02, PRDE,actvstrat=,0.555542, actvprof=,0.000000, id=,B03, PRDE,actvstrat=,0.119688, actvprof=,0.000000, id=,B04, PRDE,actvstrat=,0.946300, actvprof=,0.000000, id=,B05, PRDE,actvstrat=,-0.306678, actvprof=,0.000000, id=,B06, PRDE,actvstrat=,0.779263, actvprof=,0.000278, id=,B07, PRDE,actvstrat=,-0.594251, actvprof=,0.000000, id=,B08, PRDE,actvstrat=,-0.000594, actvprof=,0.001389, id=,B09, PRDE,actvstrat=,-0.317124, actvprof=,0.001389, id=,B10, PRDE,actvstrat=,0.896798, actvprof=,0.064722, id=,B11, PRDE,actvstrat=,-0.878834, actvprof=,0.041389, id=,B12, PRDE,actvstrat=,-0.217714, actvprof=,0.015417, id=,B13, PRDE,actvstrat=,-0.321850, actvprof=,0.026250, id=,B14, PRDE,actvstrat=,-0.175108, actvprof=,0.047917, id=,B15, PRDE,actvstrat=,0.258378, actvprof=,0.157639, id=,B16, PRDE,actvstrat=,-0.109621, actvprof=,0.132639, id=,B17, PRDE,actvstrat=,-0.087885, actvprof=,0.195000, id=,B18, PRDE,actvstrat=,0.464844, actvprof=,0.610557, id=,B19, PRDE,actvstrat=,0.911579, actvprof=,1.051114, id=,B20, PRDE,actvstrat=,-0.894892, actvprof=,1.167503, id=,B21, PRDE,actvstrat=,0.138855, actvprof=,0.921669, id=,B22, PRDE,actvstrat=,0.664289, actvprof=,1.568893, id=,B23, PRDE,actvstrat=,0.931041, actvprof=,1.708615, id=,B24, PRDE,actvstrat=,-0.033105, actvprof=,1.393059, id=,B25, PRDE,actvstrat=,0.283918, actvprof=,2.114866, id=,B26, PRDE,actvstrat=,0.537737, actvprof=,2.661395, id=,B27, PRDE,actvstrat=,0.296793, actvprof=,2.780562, id=,B28, PRDE,actvstrat=,-0.637475, actvprof=,2.224311, id=,B29, PRDE,actvstrat=,0.344716, actvprof=,3.534730, id=,S00, PRDE,actvstrat=,-0.776941, actvprof=,1.238614, id=,S01, PRDE,actvstrat=,-0.258229, actvprof=,1.817226, id=,S02, PRDE,actvstrat=,0.732651, actvprof=,5.774874, id=,S03, PRDE,actvstrat=,-0.678045, actvprof=,1.249864, id=,S04, PRDE,actvstrat=,0.985621, actvprof=,5.145429, id=,S05, PRDE,actvstrat=,0.571561, actvprof=,3.803481, id=,S06, PRDE,actvstrat=,0.358187, actvprof=,2.525284, id=,S07, PRDE,actvstrat=,0.708249, actvprof=,3.426258, id=,S08, PRDE,actvstrat=,-0.209490, actvprof=,0.636113, id=,S09, PRDE,actvstrat=,0.659208, actvprof=,2.325839, id=,S10, PRDE,actvstrat=,-0.764109, actvprof=,0.263195, id=,S11, PRDE,actvstrat=,-0.981628, actvprof=,1.777643, id=,S12, PRDE,actvstrat=,0.637312, actvprof=,1.486253, id=,S13, PRDE,actvstrat=,0.847155, actvprof=,1.992227, id=,S14, PRDE,actvstrat=,-0.775806, actvprof=,0.060833, id=,S15, PRDE,actvstrat=,-0.960577, actvprof=,0.510557, id=,S16, PRDE,actvstrat=,0.524464, actvprof=,0.455557, id=,S17, PRDE,actvstrat=,0.823234, actvprof=,0.775835, id=,S18, PRDE,actvstrat=,-0.073682, actvprof=,0.048333, id=,S19, PRDE,actvstrat=,-0.371128, actvprof=,0.019306, id=,S20, PRDE,actvstrat=,-0.499095, actvprof=,0.006806, id=,S21, PRDE,actvstrat=,0.640033, actvprof=,0.060556, id=,S22, PRDE,actvstrat=,0.456281, actvprof=,0.027917, id=,S23, PRDE,actvstrat=,-0.515632, actvprof=,0.000000, id=,S24, PRDE,actvstrat=,-0.752330, actvprof=,0.000000, id=,S25, PRDE,actvstrat=,-0.449173, actvprof=,0.000278, id=,S26, PRDE,actvstrat=,-0.849665, actvprof=,0.000000, id=,S27, PRDE,actvstrat=,-0.337132, actvprof=,0.000000, id=,S28, PRDE,actvstrat=,-0.363579, actvprof=,0.000000, id=,S29, PRDE,actvstrat=,-0.524922, actvprof=,0.000000, best_B_id=,B29, best_B_prof=,3.534730, best_B_strat=,0.344716, best_S_id=,S02, best_S_prof=,5.774874, best_S_strat=,0.732651, 
t=,25200, id=,B00, PRDE,actvstrat=,1.000000, actvprof=,0.000000, id=,B01, PRDE,actvstrat=,-0.483018, actvprof=,0.000000, id=,B02, PRDE,actvstrat=,-1.000000, actvprof=,0.000000, id=,B03, PRDE,actvstrat=,-1.000000, actvprof=,0.000000, id=,B04, PRDE,actvstrat=,-1.000000, actvprof=,0.000000, id=,B05, PRDE,actvstrat=,-0.314224, actvprof=,0.000000, id=,B06, PRDE,actvstrat=,0.056406, actvprof=,0.000000, id=,B07, PRDE,actvstrat=,-0.195876, actvprof=,0.000000, id=,B08, PRDE,actvstrat=,0.967945, actvprof=,0.001111, id=,B09, PRDE,actvstrat=,1.000000, actvprof=,0.002222, id=,B10, PRDE,actvstrat=,-0.372247, actvprof=,0.000000, id=,B11, PRDE,actvstrat=,-0.015563, actvprof=,0.000278, id=,B12, PRDE,actvstrat=,1.000000, actvprof=,0.025833, id=,B13, PRDE,actvstrat=,0.420762, actvprof=,0.015556, id=,B14, PRDE,actvstrat=,0.658862, actvprof=,0.065278, id=,B15, PRDE,actvstrat=,-1.000000, actvprof=,0.278056, id=,B16, PRDE,actvstrat=,-0.587610, actvprof=,0.039444, id=,B17, PRDE,actvstrat=,-0.150792, actvprof=,0.105833, id=,B18, PRDE,actvstrat=,-0.328199, actvprof=,0.186389, id=,B19, PRDE,actvstrat=,0.082319, actvprof=,0.647500, id=,B20, PRDE,actvstrat=,0.939441, actvprof=,1.744722, id=,B21, PRDE,actvstrat=,0.368909, actvprof=,1.486389, id=,B22, PRDE,actvstrat=,0.850327, actvprof=,2.525278, id=,B23, PRDE,actvstrat=,-0.028467, actvprof=,1.568889, id=,B24, PRDE,actvstrat=,-0.385472, actvprof=,1.318889, id=,B25, PRDE,actvstrat=,-0.663042, actvprof=,1.474444, id=,B26, PRDE,actvstrat=,-0.689428, actvprof=,1.755556, id=,B27, PRDE,actvstrat=,-1.000000, actvprof=,4.709444, id=,B28, PRDE,actvstrat=,-1.000000, actvprof=,5.292778, id=,B29, PRDE,actvstrat=,0.205933, actvprof=,4.723056, id=,S00, PRDE,actvstrat=,-0.432000, actvprof=,1.188611, id=,S01, PRDE,actvstrat=,1.000000, actvprof=,6.572222, id=,S02, PRDE,actvstrat=,-0.337172, actvprof=,0.959167, id=,S03, PRDE,actvstrat=,-1.000000, actvprof=,5.097222, id=,S04, PRDE,actvstrat=,-1.000000, actvprof=,4.652500, id=,S05, PRDE,actvstrat=,0.285065, actvprof=,2.124722, id=,S06, PRDE,actvstrat=,-1.000000, actvprof=,3.872500, id=,S07, PRDE,actvstrat=,-1.000000, actvprof=,3.319722, id=,S08, PRDE,actvstrat=,-1.000000, actvprof=,3.113611, id=,S09, PRDE,actvstrat=,-0.017600, actvprof=,0.522222, id=,S10, PRDE,actvstrat=,0.300820, actvprof=,0.668056, id=,S11, PRDE,actvstrat=,0.533957, actvprof=,0.699167, id=,S12, PRDE,actvstrat=,-0.730039, actvprof=,0.030278, id=,S13, PRDE,actvstrat=,0.264962, actvprof=,0.173333, id=,S14, PRDE,actvstrat=,0.969515, actvprof=,0.730000, id=,S15, PRDE,actvstrat=,-0.477817, actvprof=,0.011111, id=,S16, PRDE,actvstrat=,0.674113, actvprof=,0.082500, id=,S17, PRDE,actvstrat=,0.356862, actvprof=,0.033056, id=,S18, PRDE,actvstrat=,-1.000000, actvprof=,0.079444, id=,S19, PRDE,actvstrat=,0.407236, actvprof=,0.001389, id=,S20, PRDE,actvstrat=,-0.009339, actvprof=,0.000000, id=,S21, PRDE,actvstrat=,0.430658, actvprof=,0.000000, id=,S22, PRDE,actvstrat=,0.776383, actvprof=,0.000000, id=,S23, PRDE,actvstrat=,0.706112, actvprof=,0.000000, id=,S24, PRDE,actvstrat=,1.000000, actvprof=,0.002778, id=,S25, PRDE,actvstrat=,-0.776311, actvprof=,0.000000, id=,S26, PRDE,actvstrat=,-0.923203, actvprof=,0.000000, id=,S27, PRDE,actvstrat=,0.643317, actvprof=,0.000000, id=,S28, PRDE,actvstrat=,0.424992, actvprof=,0.000000, id=,S29, PRDE,actvstrat=,-1.000000, actvprof=,0.000000, best_B_id=,B28, best_B_prof=,5.292778, best_B_strat=,-1.000000, best_S_id=,S01, best_S_prof=,6.572222, best_S_strat=,1.000000, 
t=,28800, id=,B00, PRDE,actvstrat=,1.000000, actvprof=,0.000000, id=,B01, PRDE,actvstrat=,-0.483018, actvprof=,0.000000, id=,B02, PRDE,actvstrat=,-1.000000, actvprof=,0.000000, id=,B03, PRDE,actvstrat=,-1.000000, actvprof=,0.000000, id=,B04, PRDE,actvstrat=,-1.000000, actvprof=,0.000000, id=,B05, PRDE,actvstrat=,-0.314224, actvprof=,0.000000, id=,B06, PRDE,actvstrat=,0.056406, actvprof=,0.000000, id=,B07, PRDE,actvstrat=,-0.195876, actvprof=,0.000000, id=,B08, PRDE,actvstrat=,0.967945, actvprof=,0.000556, id=,B09, PRDE,actvstrat=,1.000000, actvprof=,0.003056, id=,B10, PRDE,actvstrat=,-0.372247, actvprof=,0.000694, id=,B11, PRDE,actvstrat=,-0.015563, actvprof=,0.000694, id=,B12, PRDE,actvstrat=,1.000000, actvprof=,0.030417, id=,B13, PRDE,actvstrat=,0.420762, actvprof=,0.018889, id=,B14, PRDE,actvstrat=,0.658862, actvprof=,0.077222, id=,B15, PRDE,actvstrat=,-1.000000, actvprof=,0.315279, id=,B16, PRDE,actvstrat=,-0.587610, actvprof=,0.037917, id=,B17, PRDE,actvstrat=,-0.150792, actvprof=,0.105556, id=,B18, PRDE,actvstrat=,-0.328199, actvprof=,0.193612, id=,B19, PRDE,actvstrat=,0.082319, actvprof=,0.642224, id=,B20, PRDE,actvstrat=,0.939441, actvprof=,1.770560, id=,B21, PRDE,actvstrat=,0.368909, actvprof=,1.467087, id=,B22, PRDE,actvstrat=,0.850327, actvprof=,2.526534, id=,B23, PRDE,actvstrat=,-0.028467, actvprof=,1.595559, id=,B24, PRDE,actvstrat=,-0.385472, actvprof=,1.304864, id=,B25, PRDE,actvstrat=,-0.663042, actvprof=,1.496253, id=,B26, PRDE,actvstrat=,-0.689428, actvprof=,1.710560, id=,B27, PRDE,actvstrat=,-1.000000, actvprof=,4.849595, id=,B28, PRDE,actvstrat=,-1.000000, actvprof=,5.369318, id=,B29, PRDE,actvstrat=,0.205933, actvprof=,4.643622, id=,S00, PRDE,actvstrat=,-0.432000, actvprof=,1.331809, id=,S01, PRDE,actvstrat=,1.000000, actvprof=,6.472098, id=,S02, PRDE,actvstrat=,-0.337172, actvprof=,1.018336, id=,S03, PRDE,actvstrat=,-1.000000, actvprof=,4.971123, id=,S04, PRDE,actvstrat=,-1.000000, actvprof=,4.624316, id=,S05, PRDE,actvstrat=,0.285065, actvprof=,2.063477, id=,S06, PRDE,actvstrat=,-1.000000, actvprof=,3.783759, id=,S07, PRDE,actvstrat=,-1.000000, actvprof=,3.227091, id=,S08, PRDE,actvstrat=,-1.000000, actvprof=,3.042229, id=,S09, PRDE,actvstrat=,-0.017600, actvprof=,0.492362, id=,S10, PRDE,actvstrat=,0.300820, actvprof=,0.691668, id=,S11, PRDE,actvstrat=,0.533957, actvprof=,0.675140, id=,S12, PRDE,actvstrat=,-0.730039, actvprof=,0.032361, id=,S13, PRDE,actvstrat=,0.264962, actvprof=,0.187084, id=,S14, PRDE,actvstrat=,0.969515, actvprof=,0.751807, id=,S15, PRDE,actvstrat=,-0.477817, actvprof=,0.012917, id=,S16, PRDE,actvstrat=,0.674113, actvprof=,0.094445, id=,S17, PRDE,actvstrat=,0.356862, actvprof=,0.032500, id=,S18, PRDE,actvstrat=,-1.000000, actvprof=,0.084584, id=,S19, PRDE,actvstrat=,0.407236, actvprof=,0.006667, id=,S20, PRDE,actvstrat=,-0.009339, actvprof=,0.000833, id=,S21, PRDE,actvstrat=,0.430658, actvprof=,0.000000, id=,S22, PRDE,actvstrat=,0.776383, actvprof=,0.000000, id=,S23, PRDE,actvstrat=,0.706112, actvprof=,0.000417, id=,S24, PRDE,actvstrat=,1.000000, actvprof=,0.001806, id=,S25, PRDE,actvstrat=,-0.776311, actvprof=,0.000000, id=,S26, PRDE,actvstrat=,-0.923203, actvprof=,0.000000, id=,S27, PRDE,actvstrat=,0.643317, actvprof=,0.000000, id=,S28, PRDE,actvstrat=,0.424992, actvprof=,0.000000, id=,S29, PRDE,actvstrat=,-1.000000, actvprof=,0.000000, best_B_id=,B28, best_B_prof=,5.369318, best_B_strat=,-1.000000, best_S_id=,S01, best_S_prof=,6.472098, best_S_strat=,1.000000, 
t=,32400, id=,B00, PRDE,actvstrat=,0.095411, actvprof=,0.000000, id=,B01, PRDE,actvstrat=,-0.483018, actvprof=,0.018611, id=,B02, PRDE,actvstrat=,-0.864839, actvprof=,0.000000, id=,B03, PRDE,actvstrat=,0.563377, actvprof=,0.000000, id=,B04, PRDE,actvstrat=,-0.997127, actvprof=,0.000278, id=,B05, PRDE,actvstrat=,-0.839830, actvprof=,0.000000, id=,B06, PRDE,actvstrat=,0.186321, actvprof=,0.001667, id=,B07, PRDE,actvstrat=,-0.994185, actvprof=,0.015278, id=,B08, PRDE,actvstrat=,0.683137, actvprof=,0.002222, id=,B09, PRDE,actvstrat=,1.000000, actvprof=,0.097501, id=,B10, PRDE,actvstrat=,0.890136, actvprof=,0.095001, id=,B11, PRDE,actvstrat=,-0.041078, actvprof=,0.008333, id=,B12, PRDE,actvstrat=,0.949573, actvprof=,0.366948, id=,B13, PRDE,actvstrat=,-0.404137, actvprof=,0.019167, id=,B14, PRDE,actvstrat=,-0.377483, actvprof=,0.066390, id=,B15, PRDE,actvstrat=,-0.817339, actvprof=,0.031667, id=,B16, PRDE,actvstrat=,-0.109621, actvprof=,0.117501, id=,B17, PRDE,actvstrat=,-0.150792, actvprof=,0.083612, id=,B18, PRDE,actvstrat=,0.464844, actvprof=,0.685840, id=,B19, PRDE,actvstrat=,0.112139, actvprof=,0.601394, id=,B20, PRDE,actvstrat=,0.939441, actvprof=,2.147242, id=,B21, PRDE,actvstrat=,-0.702867, actvprof=,0.328892, id=,B22, PRDE,actvstrat=,0.850327, actvprof=,2.827804, id=,B23, PRDE,actvstrat=,0.766635, actvprof=,2.784470, id=,B24, PRDE,actvstrat=,-0.435647, actvprof=,0.562505, id=,B25, PRDE,actvstrat=,0.135009, actvprof=,1.814739, id=,B26, PRDE,actvstrat=,-0.232526, actvprof=,1.196678, id=,B27, PRDE,actvstrat=,-0.621443, actvprof=,1.081677, id=,B28, PRDE,actvstrat=,-0.180848, actvprof=,1.520014, id=,B29, PRDE,actvstrat=,0.082271, actvprof=,3.229752, id=,S00, PRDE,actvstrat=,-0.432000, actvprof=,1.773350, id=,S01, PRDE,actvstrat=,0.266596, actvprof=,3.277808, id=,S02, PRDE,actvstrat=,0.732651, actvprof=,3.790313, id=,S03, PRDE,actvstrat=,-0.894568, actvprof=,0.802230, id=,S04, PRDE,actvstrat=,-0.537033, actvprof=,0.966398, id=,S05, PRDE,actvstrat=,0.285065, actvprof=,1.568903, id=,S06, PRDE,actvstrat=,0.413303, actvprof=,1.585570, id=,S07, PRDE,actvstrat=,-0.745802, actvprof=,0.467782, id=,S08, PRDE,actvstrat=,0.650216, actvprof=,1.413069, id=,S09, PRDE,actvstrat=,0.003126, actvprof=,0.629172, id=,S10, PRDE,actvstrat=,-0.470945, actvprof=,0.176391, id=,S11, PRDE,actvstrat=,0.775458, actvprof=,0.978065, id=,S12, PRDE,actvstrat=,0.051143, actvprof=,0.279169, id=,S13, PRDE,actvstrat=,0.564077, actvprof=,0.455838, id=,S14, PRDE,actvstrat=,0.899580, actvprof=,0.626117, id=,S15, PRDE,actvstrat=,0.580524, actvprof=,0.190280, id=,S16, PRDE,actvstrat=,0.524464, actvprof=,0.133612, id=,S17, PRDE,actvstrat=,0.655806, actvprof=,0.067223, id=,S18, PRDE,actvstrat=,-0.177482, actvprof=,0.007222, id=,S19, PRDE,actvstrat=,0.560514, actvprof=,0.021389, id=,S20, PRDE,actvstrat=,-0.499095, actvprof=,0.000000, id=,S21, PRDE,actvstrat=,0.640033, actvprof=,0.002778, id=,S22, PRDE,actvstrat=,0.456281, actvprof=,0.000000, id=,S23, PRDE,actvstrat=,0.706112, actvprof=,0.001944, id=,S24, PRDE,actvstrat=,-0.973017, actvprof=,0.002222, id=,S25, PRDE,actvstrat=,-0.449173, actvprof=,0.000000, id=,S26, PRDE,actvstrat=,-0.923203, actvprof=,0.000000, id=,S27, PRDE,actvstrat=,0.477694, actvprof=,0.000000, id=,S28, PRDE,actvstrat=,0.049986, actvprof=,0.000000, id=,S29, PRDE,actvstrat=,-1.000000, actvprof=,0.000000, best_B_id=,B29, best_B_prof=,3.229752, best_B_strat=,0.082271, best_S_id=,S02, best_S_prof=,3.790313, best_S_strat=,0.732651, 
t=,36000, id=,B00, PRDE,actvstrat=,0.095411, actvprof=,0.000000, id=,B01, PRDE,actvstrat=,-0.483018, actvprof=,0.009306, id=,B02, PRDE,actvstrat=,-0.864839, actvprof=,0.000000, id=,B03, PRDE,actvstrat=,0.563377, actvprof=,0.000000, id=,B04, PRDE,actvstrat=,-0.997127, actvprof=,0.000278, id=,B05, PRDE,actvstrat=,-0.839830, actvprof=,0.000000, id=,B06, PRDE,actvstrat=,0.186321, actvprof=,0.000833, id=,B07, PRDE,actvstrat=,-0.994185, actvprof=,0.013056, id=,B08, PRDE,actvstrat=,0.683137, actvprof=,0.002639, id=,B09, PRDE,actvstrat=,1.000000, actvprof=,0.100279, id=,B10, PRDE,actvstrat=,0.890136, actvprof=,0.095973, id=,B11, PRDE,actvstrat=,-0.041078, actvprof=,0.012639, id=,B12, PRDE,actvstrat=,0.949573, actvprof=,0.371531, id=,B13, PRDE,actvstrat=,-0.404137, actvprof=,0.015833, id=,B14, PRDE,actvstrat=,-0.377483, actvprof=,0.050973, id=,B15, PRDE,actvstrat=,-0.817339, actvprof=,0.024028, id=,B16, PRDE,actvstrat=,-0.109621, actvprof=,0.096806, id=,B17, PRDE,actvstrat=,-0.150792, actvprof=,0.125557, id=,B18, PRDE,actvstrat=,0.464844, actvprof=,0.714590, id=,B19, PRDE,actvstrat=,0.112139, actvprof=,0.604450, id=,B20, PRDE,actvstrat=,0.939441, actvprof=,2.160714, id=,B21, PRDE,actvstrat=,-0.702867, actvprof=,0.304169, id=,B22, PRDE,actvstrat=,0.850327, actvprof=,2.797109, id=,B23, PRDE,actvstrat=,0.766635, actvprof=,2.832387, id=,B24, PRDE,actvstrat=,-0.435647, actvprof=,0.581672, id=,B25, PRDE,actvstrat=,0.135009, actvprof=,1.905434, id=,B26, PRDE,actvstrat=,-0.232526, actvprof=,1.062093, id=,B27, PRDE,actvstrat=,-0.621443, actvprof=,1.019593, id=,B28, PRDE,actvstrat=,-0.180848, actvprof=,1.540153, id=,B29, PRDE,actvstrat=,0.082271, actvprof=,3.140307, id=,S00, PRDE,actvstrat=,-0.432000, actvprof=,1.746544, id=,S01, PRDE,actvstrat=,0.266596, actvprof=,3.200169, id=,S02, PRDE,actvstrat=,0.732651, actvprof=,3.783924, id=,S03, PRDE,actvstrat=,-0.894568, actvprof=,0.814313, id=,S04, PRDE,actvstrat=,-0.537033, actvprof=,0.934175, id=,S05, PRDE,actvstrat=,0.285065, actvprof=,1.617654, id=,S06, PRDE,actvstrat=,0.413303, actvprof=,1.602654, id=,S07, PRDE,actvstrat=,-0.745802, actvprof=,0.430837, id=,S08, PRDE,actvstrat=,0.650216, actvprof=,1.417374, id=,S09, PRDE,actvstrat=,0.003126, actvprof=,0.625006, id=,S10, PRDE,actvstrat=,-0.470945, actvprof=,0.191391, id=,S11, PRDE,actvstrat=,0.775458, actvprof=,1.001676, id=,S12, PRDE,actvstrat=,0.051143, actvprof=,0.300281, id=,S13, PRDE,actvstrat=,0.564077, actvprof=,0.409726, id=,S14, PRDE,actvstrat=,0.899580, actvprof=,0.657506, id=,S15, PRDE,actvstrat=,0.580524, actvprof=,0.186252, id=,S16, PRDE,actvstrat=,0.524464, actvprof=,0.122362, id=,S17, PRDE,actvstrat=,0.655806, actvprof=,0.070695, id=,S18, PRDE,actvstrat=,-0.177482, actvprof=,0.005694, id=,S19, PRDE,actvstrat=,0.560514, actvprof=,0.023195, id=,S20, PRDE,actvstrat=,-0.499095, actvprof=,0.000000, id=,S21, PRDE,actvstrat=,0.640033, actvprof=,0.003333, id=,S22, PRDE,actvstrat=,0.456281, actvprof=,0.000139, id=,S23, PRDE,actvstrat=,0.706112, actvprof=,0.001389, id=,S24, PRDE,actvstrat=,-0.973017, actvprof=,0.002222, id=,S25, PRDE,actvstrat=,-0.449173, actvprof=,0.000000, id=,S26, PRDE,actvstrat=,-0.923203, actvprof=,0.000000, id=,S27, PRDE,actvstrat=,0.477694, actvprof=,0.000000, id=,S28, PRDE,actvstrat=,0.049986, actvprof=,0.000000, id=,S29, PRDE,actvstrat=,-1.000000, actvprof=,0.000000, best_B_id=,B29, best_B_prof=,3.140307, best_B_strat=,0.082271, best_S_id=,S02, best_S_prof=,3.783924, best_S_strat=,0.732651, 
t=,39600, id=,B00, PRDE,actvstrat=,0.448872, actvprof=,0.000000, id=,B01, PRDE,actvstrat=,1.000000, actvprof=,0.000000, id=,B02, PRDE,actvstrat=,1.000000, actvprof=,0.000000, id=,B03, PRDE,actvstrat=,-1.000000, actvprof=,0.000000, id=,B04, PRDE,actvstrat=,0.568042, actvprof=,0.000000, id=,B05, PRDE,actvstrat=,0.129947, actvprof=,0.000000, id=,B06, PRDE,actvstrat=,1.000000, actvprof=,0.000000, id=,B07, PRDE,actvstrat=,-0.002550, actvprof=,0.000000, id=,B08, PRDE,actvstrat=,0.450315, actvprof=,0.000000, id=,B09, PRDE,actvstrat=,1.000000, actvprof=,0.003333, id=,B10, PRDE,actvstrat=,0.517181, actvprof=,0.001944, id=,B11, PRDE,actvstrat=,1.000000, actvprof=,0.019723, id=,B12, PRDE,actvstrat=,-0.894641, actvprof=,0.000000, id=,B13, PRDE,actvstrat=,-0.227300, actvprof=,0.000000, id=,B14, PRDE,actvstrat=,-0.489118, actvprof=,0.002222, id=,B15, PRDE,actvstrat=,1.000000, actvprof=,0.247227, id=,B16, PRDE,actvstrat=,-1.000000, actvprof=,0.431397, id=,B17, PRDE,actvstrat=,-1.000000, actvprof=,0.744180, id=,B18, PRDE,actvstrat=,-0.990488, actvprof=,0.788626, id=,B19, PRDE,actvstrat=,0.847391, actvprof=,0.895294, id=,B20, PRDE,actvstrat=,0.934256, actvprof=,1.564473, id=,B21, PRDE,actvstrat=,-0.317972, actvprof=,0.082779, id=,B22, PRDE,actvstrat=,-0.056293, actvprof=,0.404452, id=,B23, PRDE,actvstrat=,-0.974160, actvprof=,0.756958, id=,B24, PRDE,actvstrat=,-0.386383, actvprof=,0.318061, id=,B25, PRDE,actvstrat=,-1.000000, actvprof=,3.960907, id=,B26, PRDE,actvstrat=,-1.000000, actvprof=,4.121187, id=,B27, PRDE,actvstrat=,-1.000000, actvprof=,4.758144, id=,B28, PRDE,actvstrat=,0.059916, actvprof=,2.102539, id=,B29, PRDE,actvstrat=,0.082271, actvprof=,2.533380, id=,S00, PRDE,actvstrat=,1.000000, actvprof=,6.617067, id=,S01, PRDE,actvstrat=,-0.612222, actvprof=,1.937258, id=,S02, PRDE,actvstrat=,-0.513777, actvprof=,1.822812, id=,S03, PRDE,actvstrat=,0.609946, actvprof=,4.210634, id=,S04, PRDE,actvstrat=,-0.089349, actvprof=,1.823089, id=,S05, PRDE,actvstrat=,-0.702067, actvprof=,0.819182, id=,S06, PRDE,actvstrat=,-0.186491, actvprof=,0.901128, id=,S07, PRDE,actvstrat=,-0.512830, actvprof=,0.678901, id=,S08, PRDE,actvstrat=,-0.437661, actvprof=,0.463064, id=,S09, PRDE,actvstrat=,0.777369, actvprof=,2.236986, id=,S10, PRDE,actvstrat=,-0.316592, actvprof=,0.280561, id=,S11, PRDE,actvstrat=,-1.000000, actvprof=,1.726699, id=,S12, PRDE,actvstrat=,-1.000000, actvprof=,1.424471, id=,S13, PRDE,actvstrat=,1.000000, actvprof=,0.920017, id=,S14, PRDE,actvstrat=,0.899580, actvprof=,0.663068, id=,S15, PRDE,actvstrat=,-0.199522, actvprof=,0.012222, id=,S16, PRDE,actvstrat=,-1.000000, actvprof=,0.276950, id=,S17, PRDE,actvstrat=,0.843192, actvprof=,0.081113, id=,S18, PRDE,actvstrat=,0.402064, actvprof=,0.005278, id=,S19, PRDE,actvstrat=,-0.113061, actvprof=,0.000000, id=,S20, PRDE,actvstrat=,0.667385, actvprof=,0.014722, id=,S21, PRDE,actvstrat=,0.940638, actvprof=,0.007500, id=,S22, PRDE,actvstrat=,0.469445, actvprof=,0.000000, id=,S23, PRDE,actvstrat=,0.706112, actvprof=,0.000000, id=,S24, PRDE,actvstrat=,1.000000, actvprof=,0.001111, id=,S25, PRDE,actvstrat=,0.552470, actvprof=,0.000000, id=,S26, PRDE,actvstrat=,-0.923203, actvprof=,0.000000, id=,S27, PRDE,actvstrat=,0.475339, actvprof=,0.000000, id=,S28, PRDE,actvstrat=,0.799998, actvprof=,0.000000, id=,S29, PRDE,actvstrat=,0.300057, actvprof=,0.000000, best_B_id=,B27, best_B_prof=,4.758144, best_B_strat=,-1.000000, best_S_id=,S00, best_S_prof=,6.617067, best_S_strat=,1.000000, 
t=,43200, id=,B00, PRDE,actvstrat=,0.448872, actvprof=,0.000000, id=,B01, PRDE,actvstrat=,1.000000, actvprof=,0.000000, id=,B02, PRDE,actvstrat=,1.000000, actvprof=,0.000000, id=,B03, PRDE,actvstrat=,-1.000000, actvprof=,0.000000, id=,B04, PRDE,actvstrat=,0.568042, actvprof=,0.000000, id=,B05, PRDE,actvstrat=,0.129947, actvprof=,0.000000, id=,B06, PRDE,actvstrat=,1.000000, actvprof=,0.000000, id=,B07, PRDE,actvstrat=,-0.002550, actvprof=,0.000000, id=,B08, PRDE,actvstrat=,0.450315, actvprof=,0.000000, id=,B09, PRDE,actvstrat=,1.000000, actvprof=,0.003333, id=,B10, PRDE,actvstrat=,0.517181, actvprof=,0.000972, id=,B11, PRDE,actvstrat=,1.000000, actvprof=,0.020695, id=,B12, PRDE,actvstrat=,-0.894641, actvprof=,0.000000, id=,B13, PRDE,actvstrat=,-0.227300, actvprof=,0.000000, id=,B14, PRDE,actvstrat=,-0.489118, actvprof=,0.001528, id=,B15, PRDE,actvstrat=,1.000000, actvprof=,0.244863, id=,B16, PRDE,actvstrat=,-1.000000, actvprof=,0.442504, id=,B17, PRDE,actvstrat=,-1.000000, actvprof=,0.799591, id=,B18, PRDE,actvstrat=,-0.990488, actvprof=,0.793063, id=,B19, PRDE,actvstrat=,0.847391, actvprof=,0.925425, id=,B20, PRDE,actvstrat=,0.934256, actvprof=,1.594043, id=,B21, PRDE,actvstrat=,-0.317972, actvprof=,0.118057, id=,B22, PRDE,actvstrat=,-0.056293, actvprof=,0.391670, id=,B23, PRDE,actvstrat=,-0.974160, actvprof=,0.734868, id=,B24, PRDE,actvstrat=,-0.386383, actvprof=,0.389309, id=,B25, PRDE,actvstrat=,-1.000000, actvprof=,3.976842, id=,B26, PRDE,actvstrat=,-1.000000, actvprof=,4.173233, id=,B27, PRDE,actvstrat=,-1.000000, actvprof=,4.734072, id=,B28, PRDE,actvstrat=,0.059916, actvprof=,2.084880, id=,B29, PRDE,actvstrat=,0.082271, actvprof=,2.515440, id=,S00, PRDE,actvstrat=,1.000000, actvprof=,6.564783, id=,S01, PRDE,actvstrat=,-0.612222, actvprof=,1.921546, id=,S02, PRDE,actvstrat=,-0.513777, actvprof=,1.748072, id=,S03, PRDE,actvstrat=,0.609946, actvprof=,4.248650, id=,S04, PRDE,actvstrat=,-0.089349, actvprof=,1.963490, id=,S05, PRDE,actvstrat=,-0.702067, actvprof=,0.822647, id=,S06, PRDE,actvstrat=,-0.186491, actvprof=,0.908758, id=,S07, PRDE,actvstrat=,-0.512830, actvprof=,0.667090, id=,S08, PRDE,actvstrat=,-0.437661, actvprof=,0.457782, id=,S09, PRDE,actvstrat=,0.777369, actvprof=,2.214048, id=,S10, PRDE,actvstrat=,-0.316592, actvprof=,0.272641, id=,S11, PRDE,actvstrat=,-1.000000, actvprof=,1.675710, id=,S12, PRDE,actvstrat=,-1.000000, actvprof=,1.385429, id=,S13, PRDE,actvstrat=,1.000000, actvprof=,0.901953, id=,S14, PRDE,actvstrat=,0.899580, actvprof=,0.658339, id=,S15, PRDE,actvstrat=,-0.199522, actvprof=,0.017222, id=,S16, PRDE,actvstrat=,-1.000000, actvprof=,0.253752, id=,S17, PRDE,actvstrat=,0.843192, actvprof=,0.081112, id=,S18, PRDE,actvstrat=,0.402064, actvprof=,0.009445, id=,S19, PRDE,actvstrat=,-0.113061, actvprof=,0.000556, id=,S20, PRDE,actvstrat=,0.667385, actvprof=,0.011250, id=,S21, PRDE,actvstrat=,0.940638, actvprof=,0.006111, id=,S22, PRDE,actvstrat=,0.469445, actvprof=,0.000278, id=,S23, PRDE,actvstrat=,0.706112, actvprof=,0.000000, id=,S24, PRDE,actvstrat=,1.000000, actvprof=,0.000833, id=,S25, PRDE,actvstrat=,0.552470, actvprof=,0.000000, id=,S26, PRDE,actvstrat=,-0.923203, actvprof=,0.000000, id=,S27, PRDE,actvstrat=,0.475339, actvprof=,0.000000, id=,S28, PRDE,actvstrat=,0.799998, actvprof=,0.000000, id=,S29, PRDE,actvstrat=,0.300057, actvprof=,0.000000, best_B_id=,B27, best_B_prof=,4.734072, best_B_strat=,-1.000000, best_S_id=,S00, best_S_prof=,6.564783, best_S_strat=,1.000000, 
t=,46800, id=,B00, PRDE,actvstrat=,1.000000, actvprof=,0.000000, id=,B01, PRDE,actvstrat=,0.612074, actvprof=,0.000000, id=,B02, PRDE,actvstrat=,1.000000, actvprof=,0.000000, id=,B03, PRDE,actvstrat=,-0.565188, actvprof=,0.000000, id=,B04, PRDE,actvstrat=,0.890949, actvprof=,0.000833, id=,B05, PRDE,actvstrat=,0.500121, actvprof=,0.003889, id=,B06, PRDE,actvstrat=,-0.307249, actvprof=,0.000000, id=,B07, PRDE,actvstrat=,-0.538283, actvprof=,0.000556, id=,B08, PRDE,actvstrat=,0.829912, actvprof=,0.053057, id=,B09, PRDE,actvstrat=,0.770766, actvprof=,0.059723, id=,B10, PRDE,actvstrat=,0.890136, actvprof=,0.255560, id=,B11, PRDE,actvstrat=,0.903068, actvprof=,0.360562, id=,B12, PRDE,actvstrat=,0.949573, actvprof=,0.562788, id=,B13, PRDE,actvstrat=,0.027791, actvprof=,0.108891, id=,B14, PRDE,actvstrat=,-0.687581, actvprof=,0.054168, id=,B15, PRDE,actvstrat=,0.848288, actvprof=,1.050019, id=,B16, PRDE,actvstrat=,-0.051908, actvprof=,0.235004, id=,B17, PRDE,actvstrat=,-0.956233, actvprof=,0.626123, id=,B18, PRDE,actvstrat=,0.291718, actvprof=,0.929462, id=,B19, PRDE,actvstrat=,0.847391, actvprof=,2.430323, id=,B20, PRDE,actvstrat=,-0.079924, actvprof=,0.707235, id=,B21, PRDE,actvstrat=,-0.702867, actvprof=,0.416119, id=,B22, PRDE,actvstrat=,-0.434267, actvprof=,0.592789, id=,B23, PRDE,actvstrat=,0.212454, actvprof=,2.034760, id=,B24, PRDE,actvstrat=,-0.386383, actvprof=,0.891128, id=,B25, PRDE,actvstrat=,-0.002780, actvprof=,2.344766, id=,B26, PRDE,actvstrat=,-0.697529, actvprof=,1.103909, id=,B27, PRDE,actvstrat=,-0.901762, actvprof=,0.520565, id=,B28, PRDE,actvstrat=,0.096259, actvprof=,3.440897, id=,B29, PRDE,actvstrat=,0.205933, actvprof=,4.257301, id=,S00, PRDE,actvstrat=,0.624579, actvprof=,3.347562, id=,S01, PRDE,actvstrat=,-0.612222, actvprof=,0.879183, id=,S02, PRDE,actvstrat=,0.732651, actvprof=,3.012834, id=,S03, PRDE,actvstrat=,0.609946, actvprof=,2.253653, id=,S04, PRDE,actvstrat=,0.369079, actvprof=,1.561140, id=,S05, PRDE,actvstrat=,0.622635, actvprof=,1.632530, id=,S06, PRDE,actvstrat=,-0.406351, actvprof=,0.266949, id=,S07, PRDE,actvstrat=,-1.000000, actvprof=,2.193096, id=,S08, PRDE,actvstrat=,-1.000000, actvprof=,1.577807, id=,S09, PRDE,actvstrat=,0.057257, actvprof=,0.275005, id=,S10, PRDE,actvstrat=,0.300820, actvprof=,0.223893, id=,S11, PRDE,actvstrat=,-0.981628, actvprof=,0.599178, id=,S12, PRDE,actvstrat=,0.136504, actvprof=,0.116669, id=,S13, PRDE,actvstrat=,0.483201, actvprof=,0.088335, id=,S14, PRDE,actvstrat=,0.899580, actvprof=,0.213060, id=,S15, PRDE,actvstrat=,0.521067, actvprof=,0.020834, id=,S16, PRDE,actvstrat=,-0.437534, actvprof=,0.001111, id=,S17, PRDE,actvstrat=,0.692112, actvprof=,0.004167, id=,S18, PRDE,actvstrat=,0.402064, actvprof=,0.007222, id=,S19, PRDE,actvstrat=,-0.371128, actvprof=,0.000000, id=,S20, PRDE,actvstrat=,-0.252504, actvprof=,0.000000, id=,S21, PRDE,actvstrat=,0.655601, actvprof=,0.000000, id=,S22, PRDE,actvstrat=,-0.133908, actvprof=,0.000000, id=,S23, PRDE,actvstrat=,0.015964, actvprof=,0.000000, id=,S24, PRDE,actvstrat=,1.000000, actvprof=,0.000000, id=,S25, PRDE,actvstrat=,0.552470, actvprof=,0.000000, id=,S26, PRDE,actvstrat=,-0.082772, actvprof=,0.000000, id=,S27, PRDE,actvstrat=,0.643317, actvprof=,0.000000, id=,S28, PRDE,actvstrat=,0.799998, actvprof=,0.000000, id=,S29, PRDE,actvstrat=,0.339677, actvprof=,0.000000, best_B_id=,B29, best_B_prof=,4.257301, best_B_strat=,0.205933, best_S_id=,S00, best_S_prof=,3.347562, best_S_strat=,0.624579, 
t=,50400, id=,B00, PRDE,actvstrat=,1.000000, actvprof=,0.000000, id=,B01, PRDE,actvstrat=,0.612074, actvprof=,0.000000, id=,B02, PRDE,actvstrat=,1.000000, actvprof=,0.000000, id=,B03, PRDE,actvstrat=,-0.565188, actvprof=,0.000000, id=,B04, PRDE,actvstrat=,0.890949, actvprof=,0.001389, id=,B05, PRDE,actvstrat=,0.500121, actvprof=,0.002917, id=,B06, PRDE,actvstrat=,-0.307249, actvprof=,0.000000, id=,B07, PRDE,actvstrat=,-0.538283, actvprof=,0.000278, id=,B08, PRDE,actvstrat=,0.829912, actvprof=,0.052917, id=,B09, PRDE,actvstrat=,0.770766, actvprof=,0.060973, id=,B10, PRDE,actvstrat=,0.890136, actvprof=,0.254586, id=,B11, PRDE,actvstrat=,0.903068, actvprof=,0.374309, id=,B12, PRDE,actvstrat=,0.949573, actvprof=,0.560977, id=,B13, PRDE,actvstrat=,0.027791, actvprof=,0.123890, id=,B14, PRDE,actvstrat=,-0.687581, actvprof=,0.043750, id=,B15, PRDE,actvstrat=,0.848288, actvprof=,1.087232, id=,B16, PRDE,actvstrat=,-0.051908, actvprof=,0.233058, id=,B17, PRDE,actvstrat=,-0.956233, actvprof=,0.598339, id=,B18, PRDE,actvstrat=,0.291718, actvprof=,0.881536, id=,B19, PRDE,actvstrat=,0.847391, actvprof=,2.431273, id=,B20, PRDE,actvstrat=,-0.079924, actvprof=,0.627922, id=,B21, PRDE,actvstrat=,-0.702867, actvprof=,0.412365, id=,B22, PRDE,actvstrat=,-0.434267, actvprof=,0.618061, id=,B23, PRDE,actvstrat=,0.212454, actvprof=,2.126547, id=,B24, PRDE,actvstrat=,-0.386383, actvprof=,0.887092, id=,B25, PRDE,actvstrat=,-0.002780, actvprof=,2.246410, id=,B26, PRDE,actvstrat=,-0.697529, actvprof=,1.120288, id=,B27, PRDE,actvstrat=,-0.901762, actvprof=,0.508060, id=,B28, PRDE,actvstrat=,0.096259, actvprof=,3.403226, id=,B29, PRDE,actvstrat=,0.205933, actvprof=,4.189622, id=,S00, PRDE,actvstrat=,0.624579, actvprof=,3.394476, id=,S01, PRDE,actvstrat=,-0.612222, actvprof=,0.884592, id=,S02, PRDE,actvstrat=,0.732651, actvprof=,3.013222, id=,S03, PRDE,actvstrat=,0.609946, actvprof=,2.321827, id=,S04, PRDE,actvstrat=,0.369079, actvprof=,1.533070, id=,S05, PRDE,actvstrat=,0.622635, actvprof=,1.623626, id=,S06, PRDE,actvstrat=,-0.406351, actvprof=,0.299308, id=,S07, PRDE,actvstrat=,-1.000000, actvprof=,2.180298, id=,S08, PRDE,actvstrat=,-1.000000, actvprof=,1.638904, id=,S09, PRDE,actvstrat=,0.057257, actvprof=,0.273753, id=,S10, PRDE,actvstrat=,0.300820, actvprof=,0.219724, id=,S11, PRDE,actvstrat=,-0.981628, actvprof=,0.593894, id=,S12, PRDE,actvstrat=,0.136504, actvprof=,0.099306, id=,S13, PRDE,actvstrat=,0.483201, actvprof=,0.078473, id=,S14, PRDE,actvstrat=,0.899580, actvprof=,0.217085, id=,S15, PRDE,actvstrat=,0.521067, actvprof=,0.025278, id=,S16, PRDE,actvstrat=,-0.437534, actvprof=,0.000556, id=,S17, PRDE,actvstrat=,0.692112, actvprof=,0.007639, id=,S18, PRDE,actvstrat=,0.402064, actvprof=,0.008333, id=,S19, PRDE,actvstrat=,-0.371128, actvprof=,0.000000, id=,S20, PRDE,actvstrat=,-0.252504, actvprof=,0.000000, id=,S21, PRDE,actvstrat=,0.655601, actvprof=,0.000000, id=,S22, PRDE,actvstrat=,-0.133908, actvprof=,0.000000, id=,S23, PRDE,actvstrat=,0.015964, actvprof=,0.000000, id=,S24, PRDE,actvstrat=,1.000000, actvprof=,0.000000, id=,S25, PRDE,actvstrat=,0.552470, actvprof=,0.000000, id=,S26, PRDE,actvstrat=,-0.082772, actvprof=,0.000000, id=,S27, PRDE,actvstrat=,0.643317, actvprof=,0.000000, id=,S28, PRDE,actvstrat=,0.799998, actvprof=,0.000000, id=,S29, PRDE,actvstrat=,0.339677, actvprof=,0.000000, best_B_id=,B29, best_B_prof=,4.189622, best_B_strat=,0.205933, best_S_id=,S00, best_S_prof=,3.394476, best_S_strat=,0.624579, 
t=,54000, id=,B00, PRDE,actvstrat=,0.958331, actvprof=,0.000000, id=,B01, PRDE,actvstrat=,-1.000000, actvprof=,0.000000, id=,B02, PRDE,actvstrat=,1.000000, actvprof=,0.000000, id=,B03, PRDE,actvstrat=,-1.000000, actvprof=,0.000000, id=,B04, PRDE,actvstrat=,-1.000000, actvprof=,0.000000, id=,B05, PRDE,actvstrat=,0.500121, actvprof=,0.000000, id=,B06, PRDE,actvstrat=,1.000000, actvprof=,0.000000, id=,B07, PRDE,actvstrat=,0.195234, actvprof=,0.000833, id=,B08, PRDE,actvstrat=,0.303540, actvprof=,0.000000, id=,B09, PRDE,actvstrat=,1.000000, actvprof=,0.011111, id=,B10, PRDE,actvstrat=,1.000000, actvprof=,0.038334, id=,B11, PRDE,actvstrat=,1.000000, actvprof=,0.091668, id=,B12, PRDE,actvstrat=,-0.775220, actvprof=,0.000000, id=,B13, PRDE,actvstrat=,-0.137189, actvprof=,0.004445, id=,B14, PRDE,actvstrat=,1.000000, actvprof=,0.298615, id=,B15, PRDE,actvstrat=,1.000000, actvprof=,0.410006, id=,B16, PRDE,actvstrat=,-1.000000, actvprof=,0.903901, id=,B17, PRDE,actvstrat=,-0.181111, actvprof=,0.032778, id=,B18, PRDE,actvstrat=,-1.000000, actvprof=,1.731691, id=,B19, PRDE,actvstrat=,-0.085093, actvprof=,0.200281, id=,B20, PRDE,actvstrat=,1.000000, actvprof=,1.738913, id=,B21, PRDE,actvstrat=,1.000000, actvprof=,2.063084, id=,B22, PRDE,actvstrat=,1.000000, actvprof=,2.538924, id=,B23, PRDE,actvstrat=,1.000000, actvprof=,2.836428, id=,B24, PRDE,actvstrat=,-0.386383, actvprof=,0.529452, id=,B25, PRDE,actvstrat=,1.000000, actvprof=,3.901443, id=,B26, PRDE,actvstrat=,-1.000000, actvprof=,4.960347, id=,B27, PRDE,actvstrat=,-1.000000, actvprof=,5.394519, id=,B28, PRDE,actvstrat=,-1.000000, actvprof=,5.605911, id=,B29, PRDE,actvstrat=,-0.041390, actvprof=,2.354755, id=,S00, PRDE,actvstrat=,-1.000000, actvprof=,6.267031, id=,S01, PRDE,actvstrat=,-0.461997, actvprof=,2.145585, id=,S02, PRDE,actvstrat=,-0.337172, actvprof=,1.806414, id=,S03, PRDE,actvstrat=,-1.000000, actvprof=,5.234517, id=,S04, PRDE,actvstrat=,-0.547778, actvprof=,1.293074, id=,S05, PRDE,actvstrat=,0.793176, actvprof=,3.362269, id=,S06, PRDE,actvstrat=,-0.010603, actvprof=,1.641134, id=,S07, PRDE,actvstrat=,1.000000, actvprof=,2.761983, id=,S08, PRDE,actvstrat=,1.000000, actvprof=,2.234198, id=,S09, PRDE,actvstrat=,1.000000, actvprof=,1.914193, id=,S10, PRDE,actvstrat=,0.177337, actvprof=,0.780844, id=,S11, PRDE,actvstrat=,0.791074, actvprof=,1.229739, id=,S12, PRDE,actvstrat=,0.168339, actvprof=,0.426950, id=,S13, PRDE,actvstrat=,0.992048, actvprof=,0.605008, id=,S14, PRDE,actvstrat=,0.935775, actvprof=,0.687232, id=,S15, PRDE,actvstrat=,-1.000000, actvprof=,0.560841, id=,S16, PRDE,actvstrat=,-0.031562, actvprof=,0.035278, id=,S17, PRDE,actvstrat=,0.952360, actvprof=,0.234725, id=,S18, PRDE,actvstrat=,-1.000000, actvprof=,0.096668, id=,S19, PRDE,actvstrat=,0.302448, actvprof=,0.011667, id=,S20, PRDE,actvstrat=,0.968703, actvprof=,0.048056, id=,S21, PRDE,actvstrat=,-0.276788, actvprof=,0.001389, id=,S22, PRDE,actvstrat=,-0.163206, actvprof=,0.000278, id=,S23, PRDE,actvstrat=,1.000000, actvprof=,0.001944, id=,S24, PRDE,actvstrat=,-1.000000, actvprof=,0.000000, id=,S25, PRDE,actvstrat=,1.000000, actvprof=,0.000000, id=,S26, PRDE,actvstrat=,1.000000, actvprof=,0.000000, id=,S27, PRDE,actvstrat=,0.307360, actvprof=,0.000000, id=,S28, PRDE,actvstrat=,0.799998, actvprof=,0.000000, id=,S29, PRDE,actvstrat=,0.349560, actvprof=,0.000000, best_B_id=,B28, best_B_prof=,5.605911, best_B_strat=,-1.000000, best_S_id=,S00, best_S_prof=,6.267031, best_S_strat=,-1.000000, 
t=,57600, id=,B00, PRDE,actvstrat=,0.958331, actvprof=,0.000000, id=,B01, PRDE,actvstrat=,-1.000000, actvprof=,0.000000, id=,B02, PRDE,actvstrat=,1.000000, actvprof=,0.000000, id=,B03, PRDE,actvstrat=,-1.000000, actvprof=,0.000000, id=,B04, PRDE,actvstrat=,-1.000000, actvprof=,0.000000, id=,B05, PRDE,actvstrat=,0.500121, actvprof=,0.000000, id=,B06, PRDE,actvstrat=,1.000000, actvprof=,0.000000, id=,B07, PRDE,actvstrat=,0.195234, actvprof=,0.000417, id=,B08, PRDE,actvstrat=,0.303540, actvprof=,0.000000, id=,B09, PRDE,actvstrat=,1.000000, actvprof=,0.013056, id=,B10, PRDE,actvstrat=,1.000000, actvprof=,0.041945, id=,B11, PRDE,actvstrat=,1.000000, actvprof=,0.093612, id=,B12, PRDE,actvstrat=,-0.775220, actvprof=,0.000972, id=,B13, PRDE,actvstrat=,-0.137189, actvprof=,0.003611, id=,B14, PRDE,actvstrat=,1.000000, actvprof=,0.286114, id=,B15, PRDE,actvstrat=,1.000000, actvprof=,0.423754, id=,B16, PRDE,actvstrat=,-1.000000, actvprof=,0.893897, id=,B17, PRDE,actvstrat=,-0.181111, actvprof=,0.035973, id=,B18, PRDE,actvstrat=,-1.000000, actvprof=,1.691682, id=,B19, PRDE,actvstrat=,-0.085093, actvprof=,0.176946, id=,B20, PRDE,actvstrat=,1.000000, actvprof=,1.718766, id=,B21, PRDE,actvstrat=,1.000000, actvprof=,2.050297, id=,B22, PRDE,actvstrat=,1.000000, actvprof=,2.550301, id=,B23, PRDE,actvstrat=,1.000000, actvprof=,2.822804, id=,B24, PRDE,actvstrat=,-0.386383, actvprof=,0.498199, id=,B25, PRDE,actvstrat=,1.000000, actvprof=,3.818091, id=,B26, PRDE,actvstrat=,-1.000000, actvprof=,4.899629, id=,B27, PRDE,actvstrat=,-1.000000, actvprof=,5.250049, id=,B28, PRDE,actvstrat=,-1.000000, actvprof=,5.658247, id=,B29, PRDE,actvstrat=,-0.041390, actvprof=,2.399744, id=,S00, PRDE,actvstrat=,-1.000000, actvprof=,6.240613, id=,S01, PRDE,actvstrat=,-0.461997, actvprof=,2.099186, id=,S02, PRDE,actvstrat=,-0.337172, actvprof=,1.797239, id=,S03, PRDE,actvstrat=,-1.000000, actvprof=,5.271438, id=,S04, PRDE,actvstrat=,-0.547778, actvprof=,1.248345, id=,S05, PRDE,actvstrat=,0.793176, actvprof=,3.397670, id=,S06, PRDE,actvstrat=,-0.010603, actvprof=,1.553487, id=,S07, PRDE,actvstrat=,1.000000, actvprof=,2.771831, id=,S08, PRDE,actvstrat=,1.000000, actvprof=,2.297243, id=,S09, PRDE,actvstrat=,1.000000, actvprof=,1.909184, id=,S10, PRDE,actvstrat=,0.177337, actvprof=,0.742646, id=,S11, PRDE,actvstrat=,0.791074, actvprof=,1.216400, id=,S12, PRDE,actvstrat=,0.168339, actvprof=,0.434171, id=,S13, PRDE,actvstrat=,0.992048, actvprof=,0.593061, id=,S14, PRDE,actvstrat=,0.935775, actvprof=,0.685423, id=,S15, PRDE,actvstrat=,-1.000000, actvprof=,0.551255, id=,S16, PRDE,actvstrat=,-0.031562, actvprof=,0.053195, id=,S17, PRDE,actvstrat=,0.952360, actvprof=,0.245141, id=,S18, PRDE,actvstrat=,-1.000000, actvprof=,0.107918, id=,S19, PRDE,actvstrat=,0.302448, actvprof=,0.010000, id=,S20, PRDE,actvstrat=,0.968703, actvprof=,0.051250, id=,S21, PRDE,actvstrat=,-0.276788, actvprof=,0.000694, id=,S22, PRDE,actvstrat=,-0.163206, actvprof=,0.000139, id=,S23, PRDE,actvstrat=,1.000000, actvprof=,0.001389, id=,S24, PRDE,actvstrat=,-1.000000, actvprof=,0.000000, id=,S25, PRDE,actvstrat=,1.000000, actvprof=,0.000000, id=,S26, PRDE,actvstrat=,1.000000, actvprof=,0.000000, id=,S27, PRDE,actvstrat=,0.307360, actvprof=,0.000000, id=,S28, PRDE,actvstrat=,0.799998, actvprof=,0.000000, id=,S29, PRDE,actvstrat=,0.349560, actvprof=,0.000000, best_B_id=,B28, best_B_prof=,5.658247, best_B_strat=,-1.000000, best_S_id=,S00, best_S_prof=,6.240613, best_S_strat=,-1.000000, 
t=,61200, id=,B00, PRDE,actvstrat=,0.448872, actvprof=,0.005833, id=,B01, PRDE,actvstrat=,-0.483018, actvprof=,0.001389, id=,B02, PRDE,actvstrat=,-1.000000, actvprof=,0.000000, id=,B03, PRDE,actvstrat=,-0.915752, actvprof=,0.000000, id=,B04, PRDE,actvstrat=,-0.596365, actvprof=,0.000000, id=,B05, PRDE,actvstrat=,0.500121, actvprof=,0.000000, id=,B06, PRDE,actvstrat=,1.000000, actvprof=,0.001111, id=,B07, PRDE,actvstrat=,-0.682906, actvprof=,0.027223, id=,B08, PRDE,actvstrat=,0.473902, actvprof=,0.020834, id=,B09, PRDE,actvstrat=,0.770766, actvprof=,0.019167, id=,B10, PRDE,actvstrat=,0.489181, actvprof=,0.013611, id=,B11, PRDE,actvstrat=,1.000000, actvprof=,0.055834, id=,B12, PRDE,actvstrat=,-0.317959, actvprof=,0.011111, id=,B13, PRDE,actvstrat=,0.087077, actvprof=,0.061946, id=,B14, PRDE,actvstrat=,0.658862, actvprof=,0.267505, id=,B15, PRDE,actvstrat=,-1.000000, actvprof=,0.648068, id=,B16, PRDE,actvstrat=,-1.000000, actvprof=,1.110298, id=,B17, PRDE,actvstrat=,-0.956233, actvprof=,0.781959, id=,B18, PRDE,actvstrat=,-0.711747, actvprof=,0.240282, id=,B19, PRDE,actvstrat=,0.520612, actvprof=,1.112521, id=,B20, PRDE,actvstrat=,-0.076684, actvprof=,0.676957, id=,B21, PRDE,actvstrat=,1.000000, actvprof=,2.105595, id=,B22, PRDE,actvstrat=,0.301822, actvprof=,1.701143, id=,B23, PRDE,actvstrat=,0.766635, actvprof=,3.070612, id=,B24, PRDE,actvstrat=,-0.385472, actvprof=,1.250856, id=,B25, PRDE,actvstrat=,-0.663042, actvprof=,1.513917, id=,B26, PRDE,actvstrat=,-0.177924, actvprof=,2.258375, id=,B27, PRDE,actvstrat=,-1.000000, actvprof=,5.432878, id=,B28, PRDE,actvstrat=,-1.000000, actvprof=,6.085668, id=,B29, PRDE,actvstrat=,-0.831217, actvprof=,2.158651, id=,S00, PRDE,actvstrat=,1.000000, actvprof=,6.285116, id=,S01, PRDE,actvstrat=,1.000000, actvprof=,5.885665, id=,S02, PRDE,actvstrat=,0.219988, actvprof=,2.625326, id=,S03, PRDE,actvstrat=,-1.000000, actvprof=,4.948425, id=,S04, PRDE,actvstrat=,-0.547778, actvprof=,0.488898, id=,S05, PRDE,actvstrat=,0.793176, actvprof=,3.606456, id=,S06, PRDE,actvstrat=,-0.010603, actvprof=,1.026686, id=,S07, PRDE,actvstrat=,1.000000, actvprof=,2.888109, id=,S08, PRDE,actvstrat=,0.650216, actvprof=,1.625308, id=,S09, PRDE,actvstrat=,0.659208, actvprof=,1.294468, id=,S10, PRDE,actvstrat=,-0.316592, actvprof=,0.119724, id=,S11, PRDE,actvstrat=,-1.000000, actvprof=,1.877257, id=,S12, PRDE,actvstrat=,-0.573661, actvprof=,0.030556, id=,S13, PRDE,actvstrat=,0.847155, actvprof=,0.589733, id=,S14, PRDE,actvstrat=,0.935775, actvprof=,0.605567, id=,S15, PRDE,actvstrat=,-0.430252, actvprof=,0.014445, id=,S16, PRDE,actvstrat=,-0.932037, actvprof=,0.010000, id=,S17, PRDE,actvstrat=,0.960579, actvprof=,0.179448, id=,S18, PRDE,actvstrat=,-1.000000, actvprof=,0.064446, id=,S19, PRDE,actvstrat=,0.331989, actvprof=,0.003333, id=,S20, PRDE,actvstrat=,0.329023, actvprof=,0.009167, id=,S21, PRDE,actvstrat=,0.940638, actvprof=,0.001667, id=,S22, PRDE,actvstrat=,0.469445, actvprof=,0.000000, id=,S23, PRDE,actvstrat=,1.000000, actvprof=,0.000000, id=,S24, PRDE,actvstrat=,-0.973017, actvprof=,0.000000, id=,S25, PRDE,actvstrat=,0.302123, actvprof=,0.000000, id=,S26, PRDE,actvstrat=,0.919319, actvprof=,0.000000, id=,S27, PRDE,actvstrat=,0.465916, actvprof=,0.000000, id=,S28, PRDE,actvstrat=,0.424992, actvprof=,0.000000, id=,S29, PRDE,actvstrat=,0.300057, actvprof=,0.000000, best_B_id=,B28, best_B_prof=,6.085668, best_B_strat=,-1.000000, best_S_id=,S00, best_S_prof=,6.285116, best_S_strat=,1.000000, 
t=,64800, id=,B00, PRDE,actvstrat=,0.448872, actvprof=,0.002917, id=,B01, PRDE,actvstrat=,-0.483018, actvprof=,0.000694, id=,B02, PRDE,actvstrat=,-1.000000, actvprof=,0.000000, id=,B03, PRDE,actvstrat=,-0.915752, actvprof=,0.000000, id=,B04, PRDE,actvstrat=,-0.596365, actvprof=,0.000000, id=,B05, PRDE,actvstrat=,0.500121, actvprof=,0.000000, id=,B06, PRDE,actvstrat=,1.000000, actvprof=,0.002222, id=,B07, PRDE,actvstrat=,-0.682906, actvprof=,0.013750, id=,B08, PRDE,actvstrat=,0.473902, actvprof=,0.010417, id=,B09, PRDE,actvstrat=,0.770766, actvprof=,0.019306, id=,B10, PRDE,actvstrat=,0.489181, actvprof=,0.011250, id=,B11, PRDE,actvstrat=,1.000000, actvprof=,0.055973, id=,B12, PRDE,actvstrat=,-0.317959, actvprof=,0.007917, id=,B13, PRDE,actvstrat=,0.087077, actvprof=,0.058612, id=,B14, PRDE,actvstrat=,0.658862, actvprof=,0.262641, id=,B15, PRDE,actvstrat=,-1.000000, actvprof=,0.683340, id=,B16, PRDE,actvstrat=,-1.000000, actvprof=,1.077232, id=,B17, PRDE,actvstrat=,-0.956233, actvprof=,0.812785, id=,B18, PRDE,actvstrat=,-0.711747, actvprof=,0.215558, id=,B19, PRDE,actvstrat=,0.520612, actvprof=,1.131260, id=,B20, PRDE,actvstrat=,-0.076684, actvprof=,0.651673, id=,B21, PRDE,actvstrat=,1.000000, actvprof=,2.167937, id=,B22, PRDE,actvstrat=,0.301822, actvprof=,1.693071, id=,B23, PRDE,actvstrat=,0.766635, actvprof=,3.076834, id=,B24, PRDE,actvstrat=,-0.385472, actvprof=,1.352096, id=,B25, PRDE,actvstrat=,-0.663042, actvprof=,1.474875, id=,B26, PRDE,actvstrat=,-0.177924, actvprof=,2.231271, id=,B27, PRDE,actvstrat=,-1.000000, actvprof=,5.606580, id=,B28, PRDE,actvstrat=,-1.000000, actvprof=,6.120473, id=,B29, PRDE,actvstrat=,-0.831217, actvprof=,2.215854, id=,S00, PRDE,actvstrat=,1.000000, actvprof=,6.218946, id=,S01, PRDE,actvstrat=,1.000000, actvprof=,5.821443, id=,S02, PRDE,actvstrat=,0.219988, actvprof=,2.582385, id=,S03, PRDE,actvstrat=,-1.000000, actvprof=,5.103658, id=,S04, PRDE,actvstrat=,-0.547778, actvprof=,0.544727, id=,S05, PRDE,actvstrat=,0.793176, actvprof=,3.494755, id=,S06, PRDE,actvstrat=,-0.010603, actvprof=,1.076399, id=,S07, PRDE,actvstrat=,1.000000, actvprof=,2.861693, id=,S08, PRDE,actvstrat=,0.650216, actvprof=,1.571265, id=,S09, PRDE,actvstrat=,0.659208, actvprof=,1.240984, id=,S10, PRDE,actvstrat=,-0.316592, actvprof=,0.135279, id=,S11, PRDE,actvstrat=,-1.000000, actvprof=,1.842934, id=,S12, PRDE,actvstrat=,-0.573661, actvprof=,0.032917, id=,S13, PRDE,actvstrat=,0.847155, actvprof=,0.618061, id=,S14, PRDE,actvstrat=,0.935775, actvprof=,0.590144, id=,S15, PRDE,actvstrat=,-0.430252, actvprof=,0.009028, id=,S16, PRDE,actvstrat=,-0.932037, actvprof=,0.005000, id=,S17, PRDE,actvstrat=,0.960579, actvprof=,0.165557, id=,S18, PRDE,actvstrat=,-1.000000, actvprof=,0.055556, id=,S19, PRDE,actvstrat=,0.331989, actvprof=,0.005417, id=,S20, PRDE,actvstrat=,0.329023, actvprof=,0.004583, id=,S21, PRDE,actvstrat=,0.940638, actvprof=,0.002361, id=,S22, PRDE,actvstrat=,0.469445, actvprof=,0.000000, id=,S23, PRDE,actvstrat=,1.000000, actvprof=,0.000278, id=,S24, PRDE,actvstrat=,-0.973017, actvprof=,0.000000, id=,S25, PRDE,actvstrat=,0.302123, actvprof=,0.000000, id=,S26, PRDE,actvstrat=,0.919319, actvprof=,0.000000, id=,S27, PRDE,actvstrat=,0.465916, actvprof=,0.000000, id=,S28, PRDE,actvstrat=,0.424992, actvprof=,0.000000, id=,S29, PRDE,actvstrat=,0.300057, actvprof=,0.000000, best_B_id=,B28, best_B_prof=,6.120473, best_B_strat=,-1.000000, best_S_id=,S00, best_S_prof=,6.218946, best_S_strat=,1.000000, 
t=,68400, id=,B00, PRDE,actvstrat=,1.000000, actvprof=,0.000000, id=,B01, PRDE,actvstrat=,0.580994, actvprof=,0.000000, id=,B02, PRDE,actvstrat=,0.270404, actvprof=,0.000000, id=,B03, PRDE,actvstrat=,-1.000000, actvprof=,0.000000, id=,B04, PRDE,actvstrat=,0.888651, actvprof=,0.000000, id=,B05, PRDE,actvstrat=,0.500121, actvprof=,0.000000, id=,B06, PRDE,actvstrat=,1.000000, actvprof=,0.000833, id=,B07, PRDE,actvstrat=,-0.682906, actvprof=,0.000833, id=,B08, PRDE,actvstrat=,1.000000, actvprof=,0.006667, id=,B09, PRDE,actvstrat=,-0.106283, actvprof=,0.000000, id=,B10, PRDE,actvstrat=,1.000000, actvprof=,0.082502, id=,B11, PRDE,actvstrat=,-1.000000, actvprof=,0.232784, id=,B12, PRDE,actvstrat=,0.372890, actvprof=,0.134170, id=,B13, PRDE,actvstrat=,0.687710, actvprof=,0.404178, id=,B14, PRDE,actvstrat=,-0.195046, actvprof=,0.106670, id=,B15, PRDE,actvstrat=,-0.414535, actvprof=,0.156115, id=,B16, PRDE,actvstrat=,-0.294182, actvprof=,0.263618, id=,B17, PRDE,actvstrat=,-0.181111, actvprof=,0.413900, id=,B18, PRDE,actvstrat=,-0.357782, actvprof=,0.460568, id=,B19, PRDE,actvstrat=,-0.944176, actvprof=,0.646962, id=,B20, PRDE,actvstrat=,0.989444, actvprof=,3.302870, id=,B21, PRDE,actvstrat=,-0.317972, actvprof=,1.244757, id=,B22, PRDE,actvstrat=,1.000000, actvprof=,4.123726, id=,B23, PRDE,actvstrat=,0.041351, actvprof=,2.743965, id=,B24, PRDE,actvstrat=,-0.331282, actvprof=,2.232006, id=,B25, PRDE,actvstrat=,-1.000000, actvprof=,5.856552, id=,B26, PRDE,actvstrat=,-0.658371, actvprof=,2.636184, id=,B27, PRDE,actvstrat=,-0.339548, actvprof=,3.293425, id=,B28, PRDE,actvstrat=,-1.000000, actvprof=,7.273813, id=,B29, PRDE,actvstrat=,-0.662878, actvprof=,3.877885, id=,S00, PRDE,actvstrat=,-1.000000, actvprof=,4.917637, id=,S01, PRDE,actvstrat=,0.919123, actvprof=,4.531237, id=,S02, PRDE,actvstrat=,-1.000000, actvprof=,4.200950, id=,S03, PRDE,actvstrat=,0.609946, actvprof=,2.180616, id=,S04, PRDE,actvstrat=,-0.456713, actvprof=,0.247229, id=,S05, PRDE,actvstrat=,-0.283287, actvprof=,0.254452, id=,S06, PRDE,actvstrat=,-1.000000, actvprof=,2.637573, id=,S07, PRDE,actvstrat=,0.131413, actvprof=,0.526404, id=,S08, PRDE,actvstrat=,1.000000, actvprof=,1.294203, id=,S09, PRDE,actvstrat=,1.000000, actvprof=,0.836412, id=,S10, PRDE,actvstrat=,0.416795, actvprof=,0.248340, id=,S11, PRDE,actvstrat=,1.000000, actvprof=,0.416678, id=,S12, PRDE,actvstrat=,-1.000000, actvprof=,0.413067, id=,S13, PRDE,actvstrat=,1.000000, actvprof=,0.265007, id=,S14, PRDE,actvstrat=,0.279343, actvprof=,0.026112, id=,S15, PRDE,actvstrat=,0.612063, actvprof=,0.028056, id=,S16, PRDE,actvstrat=,-0.496240, actvprof=,0.000000, id=,S17, PRDE,actvstrat=,0.974313, actvprof=,0.096669, id=,S18, PRDE,actvstrat=,0.402064, actvprof=,0.002500, id=,S19, PRDE,actvstrat=,0.861026, actvprof=,0.008889, id=,S20, PRDE,actvstrat=,-0.276353, actvprof=,0.000000, id=,S21, PRDE,actvstrat=,1.000000, actvprof=,0.003333, id=,S22, PRDE,actvstrat=,0.808611, actvprof=,0.000556, id=,S23, PRDE,actvstrat=,0.153994, actvprof=,0.000000, id=,S24, PRDE,actvstrat=,-0.522258, actvprof=,0.000000, id=,S25, PRDE,actvstrat=,-0.078434, actvprof=,0.000000, id=,S26, PRDE,actvstrat=,0.366413, actvprof=,0.000000, id=,S27, PRDE,actvstrat=,0.516472, actvprof=,0.000000, id=,S28, PRDE,actvstrat=,0.166958, actvprof=,0.000000, id=,S29, PRDE,actvstrat=,0.404013, actvprof=,0.000000, best_B_id=,B28, best_B_prof=,7.273813, best_B_strat=,-1.000000, best_S_id=,S00, best_S_prof=,4.917637, best_S_strat=,-1.000000, 
t=,72000, id=,B00, PRDE,actvstrat=,1.000000, actvprof=,0.000000, id=,B01, PRDE,actvstrat=,0.580994, actvprof=,0.000000, id=,B02, PRDE,actvstrat=,0.270404, actvprof=,0.000000, id=,B03, PRDE,actvstrat=,-1.000000, actvprof=,0.000000, id=,B04, PRDE,actvstrat=,0.888651, actvprof=,0.000000, id=,B05, PRDE,actvstrat=,0.500121, actvprof=,0.000000, id=,B06, PRDE,actvstrat=,1.000000, actvprof=,0.000972, id=,B07, PRDE,actvstrat=,-0.682906, actvprof=,0.000417, id=,B08, PRDE,actvstrat=,1.000000, actvprof=,0.007639, id=,B09, PRDE,actvstrat=,-0.106283, actvprof=,0.000000, id=,B10, PRDE,actvstrat=,1.000000, actvprof=,0.083195, id=,B11, PRDE,actvstrat=,-1.000000, actvprof=,0.227224, id=,B12, PRDE,actvstrat=,0.372890, actvprof=,0.125557, id=,B13, PRDE,actvstrat=,0.687710, actvprof=,0.379309, id=,B14, PRDE,actvstrat=,-0.195046, actvprof=,0.110973, id=,B15, PRDE,actvstrat=,-0.414535, actvprof=,0.165835, id=,B16, PRDE,actvstrat=,-0.294182, actvprof=,0.266391, id=,B17, PRDE,actvstrat=,-0.181111, actvprof=,0.422782, id=,B18, PRDE,actvstrat=,-0.357782, actvprof=,0.504171, id=,B19, PRDE,actvstrat=,-0.944176, actvprof=,0.603478, id=,B20, PRDE,actvstrat=,0.989444, actvprof=,3.195168, id=,B21, PRDE,actvstrat=,-0.317972, actvprof=,1.298762, id=,B22, PRDE,actvstrat=,1.000000, actvprof=,4.073510, id=,B23, PRDE,actvstrat=,0.041351, actvprof=,2.780304, id=,B24, PRDE,actvstrat=,-0.331282, actvprof=,2.144742, id=,B25, PRDE,actvstrat=,-1.000000, actvprof=,5.857415, id=,B26, PRDE,actvstrat=,-0.658371, actvprof=,2.750720, id=,B27, PRDE,actvstrat=,-0.339548, actvprof=,3.342531, id=,B28, PRDE,actvstrat=,-1.000000, actvprof=,7.237011, id=,B29, PRDE,actvstrat=,-0.662878, actvprof=,3.988509, id=,S00, PRDE,actvstrat=,-1.000000, actvprof=,4.979491, id=,S01, PRDE,actvstrat=,0.919123, actvprof=,4.537264, id=,S02, PRDE,actvstrat=,-1.000000, actvprof=,4.186289, id=,S03, PRDE,actvstrat=,0.609946, actvprof=,2.263354, id=,S04, PRDE,actvstrat=,-0.456713, actvprof=,0.242641, id=,S05, PRDE,actvstrat=,-0.283287, actvprof=,0.237502, id=,S06, PRDE,actvstrat=,-1.000000, actvprof=,2.636691, id=,S07, PRDE,actvstrat=,0.131413, actvprof=,0.545838, id=,S08, PRDE,actvstrat=,1.000000, actvprof=,1.308484, id=,S09, PRDE,actvstrat=,1.000000, actvprof=,0.888758, id=,S10, PRDE,actvstrat=,0.416795, actvprof=,0.237502, id=,S11, PRDE,actvstrat=,1.000000, actvprof=,0.427921, id=,S12, PRDE,actvstrat=,-1.000000, actvprof=,0.419032, id=,S13, PRDE,actvstrat=,1.000000, actvprof=,0.298614, id=,S14, PRDE,actvstrat=,0.279343, actvprof=,0.033750, id=,S15, PRDE,actvstrat=,0.612063, actvprof=,0.038611, id=,S16, PRDE,actvstrat=,-0.496240, actvprof=,0.000000, id=,S17, PRDE,actvstrat=,0.974313, actvprof=,0.110834, id=,S18, PRDE,actvstrat=,0.402064, actvprof=,0.002222, id=,S19, PRDE,actvstrat=,0.861026, actvprof=,0.008056, id=,S20, PRDE,actvstrat=,-0.276353, actvprof=,0.000000, id=,S21, PRDE,actvstrat=,1.000000, actvprof=,0.002500, id=,S22, PRDE,actvstrat=,0.808611, actvprof=,0.000278, id=,S23, PRDE,actvstrat=,0.153994, actvprof=,0.000000, id=,S24, PRDE,actvstrat=,-0.522258, actvprof=,0.000000, id=,S25, PRDE,actvstrat=,-0.078434, actvprof=,0.000000, id=,S26, PRDE,actvstrat=,0.366413, actvprof=,0.000000, id=,S27, PRDE,actvstrat=,0.516472, actvprof=,0.000000, id=,S28, PRDE,actvstrat=,0.166958, actvprof=,0.000000, id=,S29, PRDE,actvstrat=,0.404013, actvprof=,0.000000, best_B_id=,B28, best_B_prof=,7.237011, best_B_strat=,-1.000000, best_S_id=,S00, best_S_prof=,4.979491, best_S_strat=,-1.000000, 
t=,75600, id=,B00, PRDE,actvstrat=,0.958331, actvprof=,0.000000, id=,B01, PRDE,actvstrat=,-1.000000, actvprof=,0.000000, id=,B02, PRDE,actvstrat=,0.409510, actvprof=,0.000000, id=,B03, PRDE,actvstrat=,-1.000000, actvprof=,0.000000, id=,B04, PRDE,actvstrat=,0.888651, actvprof=,0.000000, id=,B05, PRDE,actvstrat=,0.022298, actvprof=,0.000000, id=,B06, PRDE,actvstrat=,0.779263, actvprof=,0.000278, id=,B07, PRDE,actvstrat=,-0.682906, actvprof=,0.000000, id=,B08, PRDE,actvstrat=,0.829912, actvprof=,0.007778, id=,B09, PRDE,actvstrat=,-0.587694, actvprof=,0.003611, id=,B10, PRDE,actvstrat=,0.068802, actvprof=,0.015278, id=,B11, PRDE,actvstrat=,0.739754, actvprof=,0.057780, id=,B12, PRDE,actvstrat=,0.279147, actvprof=,0.060002, id=,B13, PRDE,actvstrat=,-0.404137, actvprof=,0.018890, id=,B14, PRDE,actvstrat=,0.906941, actvprof=,0.470015, id=,B15, PRDE,actvstrat=,1.000000, actvprof=,0.341678, id=,B16, PRDE,actvstrat=,-0.895802, actvprof=,0.135838, id=,B17, PRDE,actvstrat=,-0.181111, actvprof=,0.124171, id=,B18, PRDE,actvstrat=,-0.357782, actvprof=,0.201951, id=,B19, PRDE,actvstrat=,-0.944176, actvprof=,1.100591, id=,B20, PRDE,actvstrat=,0.936848, actvprof=,1.693666, id=,B21, PRDE,actvstrat=,0.274165, actvprof=,1.226984, id=,B22, PRDE,actvstrat=,1.000000, actvprof=,2.201182, id=,B23, PRDE,actvstrat=,-0.028467, actvprof=,1.503938, id=,B24, PRDE,actvstrat=,-0.929115, actvprof=,1.372267, id=,B25, PRDE,actvstrat=,1.000000, actvprof=,3.641229, id=,B26, PRDE,actvstrat=,-1.000000, actvprof=,5.017107, id=,B27, PRDE,actvstrat=,-0.339548, actvprof=,2.080067, id=,B28, PRDE,actvstrat=,-1.000000, actvprof=,5.878802, id=,B29, PRDE,actvstrat=,-0.662878, actvprof=,2.673976, id=,S00, PRDE,actvstrat=,0.580810, actvprof=,4.559592, id=,S01, PRDE,actvstrat=,0.963404, actvprof=,5.844634, id=,S02, PRDE,actvstrat=,0.302911, actvprof=,2.750089, id=,S03, PRDE,actvstrat=,-0.453386, actvprof=,0.899196, id=,S04, PRDE,actvstrat=,-1.000000, actvprof=,4.817934, id=,S05, PRDE,actvstrat=,0.191244, actvprof=,1.927285, id=,S06, PRDE,actvstrat=,-0.661410, actvprof=,0.473626, id=,S07, PRDE,actvstrat=,0.570738, actvprof=,1.837560, id=,S08, PRDE,actvstrat=,-0.694921, actvprof=,0.223341, id=,S09, PRDE,actvstrat=,1.000000, actvprof=,2.094512, id=,S10, PRDE,actvstrat=,0.130595, actvprof=,0.630020, id=,S11, PRDE,actvstrat=,-0.172667, actvprof=,0.136116, id=,S12, PRDE,actvstrat=,-1.000000, actvprof=,1.682832, id=,S13, PRDE,actvstrat=,0.992048, actvprof=,0.872528, id=,S14, PRDE,actvstrat=,0.607559, actvprof=,0.316677, id=,S15, PRDE,actvstrat=,-0.960577, actvprof=,0.276676, id=,S16, PRDE,actvstrat=,-1.000000, actvprof=,0.552240, id=,S17, PRDE,actvstrat=,0.823234, actvprof=,0.185284, id=,S18, PRDE,actvstrat=,-0.717688, actvprof=,0.007500, id=,S19, PRDE,actvstrat=,0.861026, actvprof=,0.053057, id=,S20, PRDE,actvstrat=,0.055097, actvprof=,0.007222, id=,S21, PRDE,actvstrat=,0.476553, actvprof=,0.002222, id=,S22, PRDE,actvstrat=,0.005609, actvprof=,0.000000, id=,S23, PRDE,actvstrat=,1.000000, actvprof=,0.003889, id=,S24, PRDE,actvstrat=,-1.000000, actvprof=,0.000000, id=,S25, PRDE,actvstrat=,0.888191, actvprof=,0.000000, id=,S26, PRDE,actvstrat=,0.366413, actvprof=,0.000000, id=,S27, PRDE,actvstrat=,0.307360, actvprof=,0.000000, id=,S28, PRDE,actvstrat=,0.799998, actvprof=,0.000000, id=,S29, PRDE,actvstrat=,0.404013, actvprof=,0.000000, best_B_id=,B28, best_B_prof=,5.878802, best_B_strat=,-1.000000, best_S_id=,S01, best_S_prof=,5.844634, best_S_strat=,0.963404, 
t=,79200, id=,B00, PRDE,actvstrat=,0.958331, actvprof=,0.000000, id=,B01, PRDE,actvstrat=,-1.000000, actvprof=,0.000000, id=,B02, PRDE,actvstrat=,0.409510, actvprof=,0.000000, id=,B03, PRDE,actvstrat=,-1.000000, actvprof=,0.000000, id=,B04, PRDE,actvstrat=,0.888651, actvprof=,0.000000, id=,B05, PRDE,actvstrat=,0.022298, actvprof=,0.000000, id=,B06, PRDE,actvstrat=,0.779263, actvprof=,0.000556, id=,B07, PRDE,actvstrat=,-0.682906, actvprof=,0.000000, id=,B08, PRDE,actvstrat=,0.829912, actvprof=,0.008195, id=,B09, PRDE,actvstrat=,-0.587694, actvprof=,0.003056, id=,B10, PRDE,actvstrat=,0.068802, actvprof=,0.010556, id=,B11, PRDE,actvstrat=,0.739754, actvprof=,0.058056, id=,B12, PRDE,actvstrat=,0.279147, actvprof=,0.057362, id=,B13, PRDE,actvstrat=,-0.404137, actvprof=,0.016250, id=,B14, PRDE,actvstrat=,0.906941, actvprof=,0.485425, id=,B15, PRDE,actvstrat=,1.000000, actvprof=,0.352645, id=,B16, PRDE,actvstrat=,-0.895802, actvprof=,0.154586, id=,B17, PRDE,actvstrat=,-0.181111, actvprof=,0.127919, id=,B18, PRDE,actvstrat=,-0.357782, actvprof=,0.210420, id=,B19, PRDE,actvstrat=,-0.944176, actvprof=,1.051684, id=,B20, PRDE,actvstrat=,0.936848, actvprof=,1.721972, id=,B21, PRDE,actvstrat=,0.274165, actvprof=,1.257520, id=,B22, PRDE,actvstrat=,1.000000, actvprof=,2.226147, id=,B23, PRDE,actvstrat=,-0.028467, actvprof=,1.538775, id=,B24, PRDE,actvstrat=,-0.929115, actvprof=,1.433495, id=,B25, PRDE,actvstrat=,1.000000, actvprof=,3.672282, id=,B26, PRDE,actvstrat=,-1.000000, actvprof=,5.041887, id=,B27, PRDE,actvstrat=,-0.339548, actvprof=,2.084895, id=,B28, PRDE,actvstrat=,-1.000000, actvprof=,5.957180, id=,B29, PRDE,actvstrat=,-0.662878, actvprof=,2.602959, id=,S00, PRDE,actvstrat=,0.580810, actvprof=,4.580769, id=,S01, PRDE,actvstrat=,0.963404, actvprof=,5.789677, id=,S02, PRDE,actvstrat=,0.302911, actvprof=,2.761711, id=,S03, PRDE,actvstrat=,-0.453386, actvprof=,0.903348, id=,S04, PRDE,actvstrat=,-1.000000, actvprof=,4.750910, id=,S05, PRDE,actvstrat=,0.191244, actvprof=,1.853641, id=,S06, PRDE,actvstrat=,-0.661410, actvprof=,0.467508, id=,S07, PRDE,actvstrat=,0.570738, actvprof=,1.871419, id=,S08, PRDE,actvstrat=,-0.694921, actvprof=,0.234726, id=,S09, PRDE,actvstrat=,1.000000, actvprof=,2.084478, id=,S10, PRDE,actvstrat=,0.130595, actvprof=,0.648344, id=,S11, PRDE,actvstrat=,-0.172667, actvprof=,0.138613, id=,S12, PRDE,actvstrat=,-1.000000, actvprof=,1.624193, id=,S13, PRDE,actvstrat=,0.992048, actvprof=,0.835986, id=,S14, PRDE,actvstrat=,0.607559, actvprof=,0.327783, id=,S15, PRDE,actvstrat=,-0.960577, actvprof=,0.299449, id=,S16, PRDE,actvstrat=,-1.000000, actvprof=,0.520703, id=,S17, PRDE,actvstrat=,0.823234, actvprof=,0.189448, id=,S18, PRDE,actvstrat=,-0.717688, actvprof=,0.004445, id=,S19, PRDE,actvstrat=,0.861026, actvprof=,0.060140, id=,S20, PRDE,actvstrat=,0.055097, actvprof=,0.006389, id=,S21, PRDE,actvstrat=,0.476553, actvprof=,0.001111, id=,S22, PRDE,actvstrat=,0.005609, actvprof=,0.000000, id=,S23, PRDE,actvstrat=,1.000000, actvprof=,0.006389, id=,S24, PRDE,actvstrat=,-1.000000, actvprof=,0.000000, id=,S25, PRDE,actvstrat=,0.888191, actvprof=,0.000000, id=,S26, PRDE,actvstrat=,0.366413, actvprof=,0.000000, id=,S27, PRDE,actvstrat=,0.307360, actvprof=,0.000000, id=,S28, PRDE,actvstrat=,0.799998, actvprof=,0.000000, id=,S29, PRDE,actvstrat=,0.404013, actvprof=,0.000000, best_B_id=,B28, best_B_prof=,5.957180, best_B_strat=,-1.000000, best_S_id=,S01, best_S_prof=,5.789677, best_S_strat=,0.963404, 
t=,82800, id=,B00, PRDE,actvstrat=,0.822894, actvprof=,0.000000, id=,B01, PRDE,actvstrat=,0.679777, actvprof=,0.000000, id=,B02, PRDE,actvstrat=,1.000000, actvprof=,0.000000, id=,B03, PRDE,actvstrat=,-1.000000, actvprof=,0.000000, id=,B04, PRDE,actvstrat=,0.888651, actvprof=,0.000000, id=,B05, PRDE,actvstrat=,1.000000, actvprof=,0.000000, id=,B06, PRDE,actvstrat=,1.000000, actvprof=,0.000556, id=,B07, PRDE,actvstrat=,1.000000, actvprof=,0.003611, id=,B08, PRDE,actvstrat=,0.252896, actvprof=,0.000278, id=,B09, PRDE,actvstrat=,0.978547, actvprof=,0.059169, id=,B10, PRDE,actvstrat=,0.776614, actvprof=,0.042502, id=,B11, PRDE,actvstrat=,0.425522, actvprof=,0.054447, id=,B12, PRDE,actvstrat=,0.447885, actvprof=,0.135839, id=,B13, PRDE,actvstrat=,0.241349, actvprof=,0.210564, id=,B14, PRDE,actvstrat=,-0.650393, actvprof=,0.084448, id=,B15, PRDE,actvstrat=,-0.086837, actvprof=,0.201119, id=,B16, PRDE,actvstrat=,-0.349680, actvprof=,0.290568, id=,B17, PRDE,actvstrat=,-0.181111, actvprof=,0.432518, id=,B18, PRDE,actvstrat=,-1.000000, actvprof=,2.664833, id=,B19, PRDE,actvstrat=,0.432954, actvprof=,1.997305, id=,B20, PRDE,actvstrat=,0.942701, actvprof=,3.431532, id=,B21, PRDE,actvstrat=,-1.000000, actvprof=,3.935442, id=,B22, PRDE,actvstrat=,1.000000, actvprof=,4.190452, id=,B23, PRDE,actvstrat=,1.000000, actvprof=,4.741031, id=,B24, PRDE,actvstrat=,-0.867676, actvprof=,0.936706, id=,B25, PRDE,actvstrat=,0.722720, actvprof=,5.354112, id=,B26, PRDE,actvstrat=,-1.000000, actvprof=,5.879412, id=,B27, PRDE,actvstrat=,-0.339548, actvprof=,3.087906, id=,B28, PRDE,actvstrat=,0.198947, actvprof=,5.534397, id=,B29, PRDE,actvstrat=,-0.854825, actvprof=,2.473436, id=,S00, PRDE,actvstrat=,-0.791931, actvprof=,0.561134, id=,S01, PRDE,actvstrat=,0.874843, actvprof=,4.316847, id=,S02, PRDE,actvstrat=,-1.000000, actvprof=,4.277956, id=,S03, PRDE,actvstrat=,-1.000000, actvprof=,3.952387, id=,S04, PRDE,actvstrat=,-1.000000, actvprof=,3.489868, id=,S05, PRDE,actvstrat=,-1.000000, actvprof=,3.167632, id=,S06, PRDE,actvstrat=,-1.000000, actvprof=,2.703446, id=,S07, PRDE,actvstrat=,1.000000, actvprof=,1.619790, id=,S08, PRDE,actvstrat=,-0.102074, actvprof=,0.132228, id=,S09, PRDE,actvstrat=,1.000000, actvprof=,0.883370, id=,S10, PRDE,actvstrat=,-0.300428, actvprof=,0.057780, id=,S11, PRDE,actvstrat=,-1.000000, actvprof=,0.661139, id=,S12, PRDE,actvstrat=,-1.000000, actvprof=,0.385016, id=,S13, PRDE,actvstrat=,0.979372, actvprof=,0.325569, id=,S14, PRDE,actvstrat=,0.607559, actvprof=,0.046391, id=,S15, PRDE,actvstrat=,-1.000000, actvprof=,0.101115, id=,S16, PRDE,actvstrat=,-0.441869, actvprof=,0.000000, id=,S17, PRDE,actvstrat=,0.854228, actvprof=,0.031668, id=,S18, PRDE,actvstrat=,0.712607, actvprof=,0.006667, id=,S19, PRDE,actvstrat=,0.861026, actvprof=,0.005000, id=,S20, PRDE,actvstrat=,-0.002427, actvprof=,0.000000, id=,S21, PRDE,actvstrat=,-1.000000, actvprof=,0.000000, id=,S22, PRDE,actvstrat=,1.000000, actvprof=,0.000000, id=,S23, PRDE,actvstrat=,0.275679, actvprof=,0.000000, id=,S24, PRDE,actvstrat=,-0.044516, actvprof=,0.000000, id=,S25, PRDE,actvstrat=,1.000000, actvprof=,0.000000, id=,S26, PRDE,actvstrat=,1.000000, actvprof=,0.000000, id=,S27, PRDE,actvstrat=,0.288850, actvprof=,0.000000, id=,S28, PRDE,actvstrat=,0.504290, actvprof=,0.000000, id=,S29, PRDE,actvstrat=,-1.000000, actvprof=,0.000000, best_B_id=,B26, best_B_prof=,5.879412, best_B_strat=,-1.000000, best_S_id=,S01, best_S_prof=,4.316847, best_S_strat=,0.874843, 
