t=,1, id=,B00, PRJADE,actvstrat=,0.398561, actvprof=,0.000000, id=,B01, PRJADE,actvstrat=,-0.963253, actvprof=,0.000000, id=,B02, PRJADE,actvstrat=,0.060007, actvprof=,0.000000, id=,B03, PRJADE,actvstrat=,0.782003, actvprof=,0.000000, id=,B04, PRJADE,actvstrat=,0.894745, actvprof=,0.000000, id=,B05, PRJADE,actvstrat=,-0.173070, actvprof=,0.000000, id=,B06, PRJADE,actvstrat=,0.194174, actvprof=,0.000000, id=,B07, PRJADE,actvstrat=,0.539206, actvprof=,0.000000, id=,B08, PRJADE,actvstrat=,-0.860698, actvprof=,0.000000, id=,B09, PRJADE,actvstrat=,0.715257, actvprof=,0.000000, id=,B10, PRJADE,actvstrat=,-0.043182, actvprof=,0.000000, id=,B11, PRJADE,actvstrat=,0.578215, actvprof=,0.000000, id=,B12, PRJADE,actvstrat=,-0.572461, actvprof=,0.000000, id=,B13, PRJADE,actvstrat=,-0.448179, actvprof=,0.000000, id=,B14, PRJADE,actvstrat=,0.825613, actvprof=,0.000000, id=,B15, PRJADE,actvstrat=,0.749664, actvprof=,0.000000, id=,B16, PRJADE,actvstrat=,0.694345, actvprof=,0.000000, id=,B17, PRJADE,actvstrat=,0.504386, actvprof=,0.000000, id=,B18, PRJADE,actvstrat=,0.148331, actvprof=,0.000000, id=,B19, PRJADE,actvstrat=,0.513802, actvprof=,0.000000, id=,S00, PRJADE,actvstrat=,-0.126933, actvprof=,0.000000, id=,S01, PRJADE,actvstrat=,0.005660, actvprof=,0.000000, id=,S02, PRJADE,actvstrat=,-0.500793, actvprof=,0.000000, id=,S03, PRJADE,actvstrat=,-0.458374, actvprof=,0.000000, id=,S04, PRJADE,actvstrat=,-0.118294, actvprof=,0.000000, id=,S05, PRJADE,actvstrat=,-0.739912, actvprof=,0.000000, id=,S06, PRJADE,actvstrat=,-0.368186, actvprof=,0.000000, id=,S07, PRJADE,actvstrat=,-0.746600, actvprof=,0.000000, id=,S08, PRJADE,actvstrat=,-0.918032, actvprof=,0.000000, id=,S09, PRJADE,actvstrat=,-0.580611, actvprof=,0.000000, id=,S10, PRJADE,actvstrat=,0.435815, actvprof=,0.000000, id=,S11, PRJADE,actvstrat=,0.233591, actvprof=,0.000000, id=,S12, PRJADE,actvstrat=,-0.656586, actvprof=,0.000000, id=,S13, PRJADE,actvstrat=,-0.773287, actvprof=,0.000000, id=,S14, PRJADE,actvstrat=,0.156963, actvprof=,0.000000, id=,S15, PRJADE,actvstrat=,0.243821, actvprof=,0.000000, id=,S16, PRJADE,actvstrat=,0.461478, actvprof=,0.000000, id=,S17, PRJADE,actvstrat=,0.868204, actvprof=,0.000000, id=,S18, PRJADE,actvstrat=,-0.715042, actvprof=,0.000000, id=,S19, PRJADE,actvstrat=,0.729716, actvprof=,0.000000, best_B_id=,B00, best_B_prof=,0.000000, best_B_strat=,0.398561, best_S_id=,S00, best_S_prof=,0.000000, best_S_strat=,-0.126933, 
t=,3600, id=,B00, PRJADE,actvstrat=,0.398561, actvprof=,0.000000, id=,B01, PRJADE,actvstrat=,-0.963253, actvprof=,0.000000, id=,B02, PRJADE,actvstrat=,0.060007, actvprof=,0.000000, id=,B03, PRJADE,actvstrat=,0.782003, actvprof=,0.000000, id=,B04, PRJADE,actvstrat=,0.894745, actvprof=,0.000000, id=,B05, PRJADE,actvstrat=,-0.173070, actvprof=,0.000000, id=,B06, PRJADE,actvstrat=,0.194174, actvprof=,0.000000, id=,B07, PRJADE,actvstrat=,0.539206, actvprof=,0.016111, id=,B08, PRJADE,actvstrat=,-0.860698, actvprof=,0.035278, id=,B09, PRJADE,actvstrat=,0.715257, actvprof=,0.062500, id=,B10, PRJADE,actvstrat=,-0.043182, actvprof=,0.041667, id=,B11, PRJADE,actvstrat=,0.578215, actvprof=,0.175833, id=,B12, PRJADE,actvstrat=,-0.572461, actvprof=,0.160833, id=,B13, PRJADE,actvstrat=,-0.448179, actvprof=,0.172222, id=,B14, PRJADE,actvstrat=,0.825613, actvprof=,1.311944, id=,B15, PRJADE,actvstrat=,0.749664, actvprof=,1.577778, id=,B16, PRJADE,actvstrat=,0.694345, actvprof=,2.065556, id=,B17, PRJADE,actvstrat=,0.504386, actvprof=,2.377222, id=,B18, PRJADE,actvstrat=,0.148331, actvprof=,2.361667, id=,B19, PRJADE,actvstrat=,0.513802, actvprof=,3.675278, id=,S00, PRJADE,actvstrat=,-0.126933, actvprof=,8.597778, id=,S01, PRJADE,actvstrat=,0.005660, actvprof=,9.198889, id=,S02, PRJADE,actvstrat=,-0.500793, actvprof=,5.568333, id=,S03, PRJADE,actvstrat=,-0.458374, actvprof=,4.002778, id=,S04, PRJADE,actvstrat=,-0.118294, actvprof=,4.586944, id=,S05, PRJADE,actvstrat=,-0.739912, actvprof=,2.382500, id=,S06, PRJADE,actvstrat=,-0.368186, actvprof=,2.390000, id=,S07, PRJADE,actvstrat=,-0.746600, actvprof=,1.187500, id=,S08, PRJADE,actvstrat=,-0.918032, actvprof=,0.645000, id=,S09, PRJADE,actvstrat=,-0.580611, actvprof=,0.879444, id=,S10, PRJADE,actvstrat=,0.435815, actvprof=,2.176111, id=,S11, PRJADE,actvstrat=,0.233591, actvprof=,1.067500, id=,S12, PRJADE,actvstrat=,-0.656586, actvprof=,0.173056, id=,S13, PRJADE,actvstrat=,-0.773287, actvprof=,0.054167, id=,S14, PRJADE,actvstrat=,0.156963, actvprof=,0.204444, id=,S15, PRJADE,actvstrat=,0.243821, actvprof=,0.081111, id=,S16, PRJADE,actvstrat=,0.461478, actvprof=,0.021111, id=,S17, PRJADE,actvstrat=,0.868204, actvprof=,0.022500, id=,S18, PRJADE,actvstrat=,-0.715042, actvprof=,0.001111, id=,S19, PRJADE,actvstrat=,0.729716, actvprof=,0.000000, best_B_id=,B19, best_B_prof=,3.675278, best_B_strat=,0.513802, best_S_id=,S01, best_S_prof=,9.198889, best_S_strat=,0.005660, 
t=,7200, id=,B00, PRJADE,actvstrat=,0.179940, actvprof=,0.000000, id=,B01, PRJADE,actvstrat=,0.799975, actvprof=,0.000000, id=,B02, PRJADE,actvstrat=,-0.823109, actvprof=,0.000000, id=,B03, PRJADE,actvstrat=,-0.553523, actvprof=,0.000000, id=,B04, PRJADE,actvstrat=,0.004247, actvprof=,0.000000, id=,B05, PRJADE,actvstrat=,0.015655, actvprof=,0.000000, id=,B06, PRJADE,actvstrat=,0.819684, actvprof=,0.000000, id=,B07, PRJADE,actvstrat=,-0.653657, actvprof=,0.000000, id=,B08, PRJADE,actvstrat=,0.961167, actvprof=,0.000000, id=,B09, PRJADE,actvstrat=,-0.532530, actvprof=,0.000000, id=,B10, PRJADE,actvstrat=,-0.145852, actvprof=,0.000000, id=,B11, PRJADE,actvstrat=,0.134633, actvprof=,0.000000, id=,B12, PRJADE,actvstrat=,0.455823, actvprof=,0.000000, id=,B13, PRJADE,actvstrat=,-0.869397, actvprof=,0.000000, id=,B14, PRJADE,actvstrat=,-0.540692, actvprof=,0.000000, id=,B15, PRJADE,actvstrat=,-0.955493, actvprof=,0.000000, id=,B16, PRJADE,actvstrat=,-0.137261, actvprof=,0.000000, id=,B17, PRJADE,actvstrat=,0.029481, actvprof=,0.000000, id=,B18, PRJADE,actvstrat=,0.964831, actvprof=,0.000000, id=,B19, PRJADE,actvstrat=,-0.863986, actvprof=,0.000000, id=,S00, PRJADE,actvstrat=,-0.673321, actvprof=,0.000000, id=,S01, PRJADE,actvstrat=,0.422587, actvprof=,0.000000, id=,S02, PRJADE,actvstrat=,-0.011876, actvprof=,0.000000, id=,S03, PRJADE,actvstrat=,-0.461153, actvprof=,0.000000, id=,S04, PRJADE,actvstrat=,0.996126, actvprof=,0.000000, id=,S05, PRJADE,actvstrat=,-0.817925, actvprof=,0.000000, id=,S06, PRJADE,actvstrat=,-0.355553, actvprof=,0.000000, id=,S07, PRJADE,actvstrat=,-0.212845, actvprof=,0.000000, id=,S08, PRJADE,actvstrat=,-0.084382, actvprof=,0.000000, id=,S09, PRJADE,actvstrat=,-0.915380, actvprof=,0.000000, id=,S10, PRJADE,actvstrat=,-0.515109, actvprof=,0.000000, id=,S11, PRJADE,actvstrat=,0.956994, actvprof=,0.000000, id=,S12, PRJADE,actvstrat=,0.239971, actvprof=,0.000000, id=,S13, PRJADE,actvstrat=,0.312650, actvprof=,0.000000, id=,S14, PRJADE,actvstrat=,-0.013719, actvprof=,0.000000, id=,S15, PRJADE,actvstrat=,0.862020, actvprof=,0.000000, id=,S16, PRJADE,actvstrat=,-0.823015, actvprof=,0.000000, id=,S17, PRJADE,actvstrat=,-0.348202, actvprof=,0.000000, id=,S18, PRJADE,actvstrat=,-0.606971, actvprof=,0.000000, id=,S19, PRJADE,actvstrat=,-0.582925, actvprof=,0.000000, best_B_id=,B00, best_B_prof=,0.000000, best_B_strat=,0.179940, best_S_id=,S00, best_S_prof=,0.000000, best_S_strat=,-0.673321, 
t=,10800, id=,B00, PRJADE,actvstrat=,0.179940, actvprof=,0.000000, id=,B01, PRJADE,actvstrat=,0.799975, actvprof=,0.000000, id=,B02, PRJADE,actvstrat=,-0.823109, actvprof=,0.000000, id=,B03, PRJADE,actvstrat=,-0.553523, actvprof=,0.000000, id=,B04, PRJADE,actvstrat=,0.004247, actvprof=,0.000000, id=,B05, PRJADE,actvstrat=,0.015655, actvprof=,0.000000, id=,B06, PRJADE,actvstrat=,0.819684, actvprof=,0.015278, id=,B07, PRJADE,actvstrat=,-0.653657, actvprof=,0.003611, id=,B08, PRJADE,actvstrat=,0.961167, actvprof=,0.114444, id=,B09, PRJADE,actvstrat=,-0.532530, actvprof=,0.010556, id=,B10, PRJADE,actvstrat=,-0.145852, actvprof=,0.092500, id=,B11, PRJADE,actvstrat=,0.134633, actvprof=,0.376111, id=,B12, PRJADE,actvstrat=,0.455823, actvprof=,0.841389, id=,B13, PRJADE,actvstrat=,-0.869397, actvprof=,1.101667, id=,B14, PRJADE,actvstrat=,-0.540692, actvprof=,1.135833, id=,B15, PRJADE,actvstrat=,-0.955493, actvprof=,3.330833, id=,B16, PRJADE,actvstrat=,-0.137261, actvprof=,2.393611, id=,B17, PRJADE,actvstrat=,0.029481, actvprof=,3.598056, id=,B18, PRJADE,actvstrat=,0.964831, actvprof=,4.962500, id=,B19, PRJADE,actvstrat=,-0.863986, actvprof=,5.007500, id=,S00, PRJADE,actvstrat=,-0.673321, actvprof=,3.700000, id=,S01, PRJADE,actvstrat=,0.422587, actvprof=,8.115833, id=,S02, PRJADE,actvstrat=,-0.011876, actvprof=,5.025556, id=,S03, PRJADE,actvstrat=,-0.461153, actvprof=,2.812778, id=,S04, PRJADE,actvstrat=,0.996126, actvprof=,7.018611, id=,S05, PRJADE,actvstrat=,-0.817925, actvprof=,0.606667, id=,S06, PRJADE,actvstrat=,-0.355553, actvprof=,1.012778, id=,S07, PRJADE,actvstrat=,-0.212845, actvprof=,0.793333, id=,S08, PRJADE,actvstrat=,-0.084382, actvprof=,0.752222, id=,S09, PRJADE,actvstrat=,-0.915380, actvprof=,0.492222, id=,S10, PRJADE,actvstrat=,-0.515109, actvprof=,0.189722, id=,S11, PRJADE,actvstrat=,0.956994, actvprof=,1.400278, id=,S12, PRJADE,actvstrat=,0.239971, actvprof=,0.232778, id=,S13, PRJADE,actvstrat=,0.312650, actvprof=,0.141111, id=,S14, PRJADE,actvstrat=,-0.013719, actvprof=,0.036667, id=,S15, PRJADE,actvstrat=,0.862020, actvprof=,0.201667, id=,S16, PRJADE,actvstrat=,-0.823015, actvprof=,0.000000, id=,S17, PRJADE,actvstrat=,-0.348202, actvprof=,0.000000, id=,S18, PRJADE,actvstrat=,-0.606971, actvprof=,0.000000, id=,S19, PRJADE,actvstrat=,-0.582925, actvprof=,0.000000, best_B_id=,B19, best_B_prof=,5.007500, best_B_strat=,-0.863986, best_S_id=,S01, best_S_prof=,8.115833, best_S_strat=,0.422587, 
t=,14400, id=,B00, PRJADE,actvstrat=,0.179940, actvprof=,0.000000, id=,B01, PRJADE,actvstrat=,0.799975, actvprof=,0.000000, id=,B02, PRJADE,actvstrat=,-0.823109, actvprof=,0.000000, id=,B03, PRJADE,actvstrat=,-0.553523, actvprof=,0.000000, id=,B04, PRJADE,actvstrat=,0.004247, actvprof=,0.000000, id=,B05, PRJADE,actvstrat=,0.015655, actvprof=,0.000000, id=,B06, PRJADE,actvstrat=,0.819684, actvprof=,0.012917, id=,B07, PRJADE,actvstrat=,-0.653657, actvprof=,0.003889, id=,B08, PRJADE,actvstrat=,0.961167, actvprof=,0.118611, id=,B09, PRJADE,actvstrat=,-0.532530, actvprof=,0.020000, id=,B10, PRJADE,actvstrat=,-0.145852, actvprof=,0.104167, id=,B11, PRJADE,actvstrat=,0.134633, actvprof=,0.386667, id=,B12, PRJADE,actvstrat=,0.455823, actvprof=,0.886944, id=,B13, PRJADE,actvstrat=,-0.869397, actvprof=,1.111944, id=,B14, PRJADE,actvstrat=,-0.540692, actvprof=,1.153333, id=,B15, PRJADE,actvstrat=,-0.955493, actvprof=,3.315139, id=,B16, PRJADE,actvstrat=,-0.137261, actvprof=,2.403056, id=,B17, PRJADE,actvstrat=,0.029481, actvprof=,3.597639, id=,B18, PRJADE,actvstrat=,0.964831, actvprof=,4.920417, id=,B19, PRJADE,actvstrat=,-0.863986, actvprof=,4.974861, id=,S00, PRJADE,actvstrat=,-0.673321, actvprof=,3.810833, id=,S01, PRJADE,actvstrat=,0.422587, actvprof=,8.274861, id=,S02, PRJADE,actvstrat=,-0.011876, actvprof=,4.984028, id=,S03, PRJADE,actvstrat=,-0.461153, actvprof=,2.747778, id=,S04, PRJADE,actvstrat=,0.996126, actvprof=,6.853056, id=,S05, PRJADE,actvstrat=,-0.817925, actvprof=,0.798750, id=,S06, PRJADE,actvstrat=,-0.355553, actvprof=,0.988750, id=,S07, PRJADE,actvstrat=,-0.212845, actvprof=,0.848056, id=,S08, PRJADE,actvstrat=,-0.084382, actvprof=,0.720556, id=,S09, PRJADE,actvstrat=,-0.915380, actvprof=,0.551806, id=,S10, PRJADE,actvstrat=,-0.515109, actvprof=,0.187500, id=,S11, PRJADE,actvstrat=,0.956994, actvprof=,1.365278, id=,S12, PRJADE,actvstrat=,0.239971, actvprof=,0.231528, id=,S13, PRJADE,actvstrat=,0.312650, actvprof=,0.166389, id=,S14, PRJADE,actvstrat=,-0.013719, actvprof=,0.051806, id=,S15, PRJADE,actvstrat=,0.862020, actvprof=,0.197639, id=,S16, PRJADE,actvstrat=,-0.823015, actvprof=,0.000000, id=,S17, PRJADE,actvstrat=,-0.348202, actvprof=,0.000000, id=,S18, PRJADE,actvstrat=,-0.606971, actvprof=,0.000000, id=,S19, PRJADE,actvstrat=,-0.582925, actvprof=,0.000000, best_B_id=,B19, best_B_prof=,4.974861, best_B_strat=,-0.863986, best_S_id=,S01, best_S_prof=,8.274861, best_S_strat=,0.422587, 
t=,18000, id=,B00, PRJADE,actvstrat=,0.747582, actvprof=,0.000000, id=,B01, PRJADE,actvstrat=,0.799975, actvprof=,0.000000, id=,B02, PRJADE,actvstrat=,-0.922231, actvprof=,0.000000, id=,B03, PRJADE,actvstrat=,0.273935, actvprof=,0.000278, id=,B04, PRJADE,actvstrat=,0.379571, actvprof=,0.001111, id=,B05, PRJADE,actvstrat=,0.201877, actvprof=,0.005278, id=,B06, PRJADE,actvstrat=,-0.345830, actvprof=,0.004722, id=,B07, PRJADE,actvstrat=,-0.846203, actvprof=,0.123333, id=,B08, PRJADE,actvstrat=,0.427235, actvprof=,0.075000, id=,B09, PRJADE,actvstrat=,-0.000305, actvprof=,0.141944, id=,B10, PRJADE,actvstrat=,0.022967, actvprof=,0.288333, id=,B11, PRJADE,actvstrat=,0.134633, actvprof=,0.491111, id=,B12, PRJADE,actvstrat=,0.107706, actvprof=,0.683333, id=,B13, PRJADE,actvstrat=,0.049317, actvprof=,1.057500, id=,B14, PRJADE,actvstrat=,-0.596925, actvprof=,1.318333, id=,B15, PRJADE,actvstrat=,-0.855801, actvprof=,2.708889, id=,B16, PRJADE,actvstrat=,0.554955, actvprof=,3.549722, id=,B17, PRJADE,actvstrat=,-0.484474, actvprof=,3.166389, id=,B18, PRJADE,actvstrat=,-0.564973, actvprof=,3.938333, id=,B19, PRJADE,actvstrat=,0.931386, actvprof=,5.304167, id=,S00, PRJADE,actvstrat=,0.393027, actvprof=,8.843056, id=,S01, PRJADE,actvstrat=,0.946991, actvprof=,10.640556, id=,S02, PRJADE,actvstrat=,-0.540766, actvprof=,2.684444, id=,S03, PRJADE,actvstrat=,-0.461153, actvprof=,2.510278, id=,S04, PRJADE,actvstrat=,-0.701942, actvprof=,1.628333, id=,S05, PRJADE,actvstrat=,0.179733, actvprof=,3.551667, id=,S06, PRJADE,actvstrat=,-0.595530, actvprof=,1.022778, id=,S07, PRJADE,actvstrat=,0.557658, actvprof=,2.860278, id=,S08, PRJADE,actvstrat=,-0.259522, actvprof=,0.661111, id=,S09, PRJADE,actvstrat=,-0.915380, actvprof=,0.367778, id=,S10, PRJADE,actvstrat=,0.238034, actvprof=,0.738889, id=,S11, PRJADE,actvstrat=,-0.349805, actvprof=,0.093611, id=,S12, PRJADE,actvstrat=,-0.495007, actvprof=,0.059444, id=,S13, PRJADE,actvstrat=,0.312650, actvprof=,0.191111, id=,S14, PRJADE,actvstrat=,-0.989547, actvprof=,0.511667, id=,S15, PRJADE,actvstrat=,0.862020, actvprof=,0.207500, id=,S16, PRJADE,actvstrat=,-0.799184, actvprof=,0.000000, id=,S17, PRJADE,actvstrat=,0.356938, actvprof=,0.004444, id=,S18, PRJADE,actvstrat=,-0.899853, actvprof=,0.000000, id=,S19, PRJADE,actvstrat=,-0.597418, actvprof=,0.000000, best_B_id=,B19, best_B_prof=,5.304167, best_B_strat=,0.931386, best_S_id=,S01, best_S_prof=,10.640556, best_S_strat=,0.946991, 
t=,21600, id=,B00, PRJADE,actvstrat=,0.747582, actvprof=,0.000000, id=,B01, PRJADE,actvstrat=,0.799975, actvprof=,0.000000, id=,B02, PRJADE,actvstrat=,-0.922231, actvprof=,0.000000, id=,B03, PRJADE,actvstrat=,0.273935, actvprof=,0.000556, id=,B04, PRJADE,actvstrat=,0.379571, actvprof=,0.000556, id=,B05, PRJADE,actvstrat=,0.201877, actvprof=,0.002917, id=,B06, PRJADE,actvstrat=,-0.345830, actvprof=,0.010000, id=,B07, PRJADE,actvstrat=,-0.846203, actvprof=,0.092778, id=,B08, PRJADE,actvstrat=,0.427235, actvprof=,0.089306, id=,B09, PRJADE,actvstrat=,-0.000305, actvprof=,0.138890, id=,B10, PRJADE,actvstrat=,0.022967, actvprof=,0.266252, id=,B11, PRJADE,actvstrat=,0.134633, actvprof=,0.498059, id=,B12, PRJADE,actvstrat=,0.107706, actvprof=,0.737227, id=,B13, PRJADE,actvstrat=,0.049317, actvprof=,1.090146, id=,B14, PRJADE,actvstrat=,-0.596925, actvprof=,1.390149, id=,B15, PRJADE,actvstrat=,-0.855801, actvprof=,2.719186, id=,B16, PRJADE,actvstrat=,0.554955, actvprof=,3.560164, id=,B17, PRJADE,actvstrat=,-0.484474, actvprof=,3.162522, id=,B18, PRJADE,actvstrat=,-0.564973, actvprof=,3.920444, id=,B19, PRJADE,actvstrat=,0.931386, actvprof=,5.266009, id=,S00, PRJADE,actvstrat=,0.393027, actvprof=,9.044229, id=,S01, PRJADE,actvstrat=,0.946991, actvprof=,10.547851, id=,S02, PRJADE,actvstrat=,-0.540766, actvprof=,2.852103, id=,S03, PRJADE,actvstrat=,-0.461153, actvprof=,2.461545, id=,S04, PRJADE,actvstrat=,-0.701942, actvprof=,1.623345, id=,S05, PRJADE,actvstrat=,0.179733, actvprof=,3.406829, id=,S06, PRJADE,actvstrat=,-0.595530, actvprof=,1.096674, id=,S07, PRJADE,actvstrat=,0.557658, actvprof=,2.965993, id=,S08, PRJADE,actvstrat=,-0.259522, actvprof=,0.646393, id=,S09, PRJADE,actvstrat=,-0.915380, actvprof=,0.349864, id=,S10, PRJADE,actvstrat=,0.238034, actvprof=,0.723894, id=,S11, PRJADE,actvstrat=,-0.349805, actvprof=,0.115556, id=,S12, PRJADE,actvstrat=,-0.495007, actvprof=,0.082778, id=,S13, PRJADE,actvstrat=,0.312650, actvprof=,0.173196, id=,S14, PRJADE,actvstrat=,-0.989547, actvprof=,0.522781, id=,S15, PRJADE,actvstrat=,0.862020, actvprof=,0.193474, id=,S16, PRJADE,actvstrat=,-0.799184, actvprof=,0.001806, id=,S17, PRJADE,actvstrat=,0.356938, actvprof=,0.007222, id=,S18, PRJADE,actvstrat=,-0.899853, actvprof=,0.000000, id=,S19, PRJADE,actvstrat=,-0.597418, actvprof=,0.000000, best_B_id=,B19, best_B_prof=,5.266009, best_B_strat=,0.931386, best_S_id=,S01, best_S_prof=,10.547851, best_S_strat=,0.946991, 
t=,25200, id=,B00, PRJADE,actvstrat=,0.718080, actvprof=,0.000000, id=,B01, PRJADE,actvstrat=,1.000000, actvprof=,0.000000, id=,B02, PRJADE,actvstrat=,-0.901427, actvprof=,0.000000, id=,B03, PRJADE,actvstrat=,-0.475931, actvprof=,0.000000, id=,B04, PRJADE,actvstrat=,0.095658, actvprof=,0.010000, id=,B05, PRJADE,actvstrat=,-0.227724, actvprof=,0.000556, id=,B06, PRJADE,actvstrat=,-0.442202, actvprof=,0.002778, id=,B07, PRJADE,actvstrat=,0.429290, actvprof=,0.059445, id=,B08, PRJADE,actvstrat=,0.225959, actvprof=,0.068890, id=,B09, PRJADE,actvstrat=,0.816252, actvprof=,0.515840, id=,B10, PRJADE,actvstrat=,0.344818, actvprof=,0.382783, id=,B11, PRJADE,actvstrat=,0.368568, actvprof=,0.647231, id=,B12, PRJADE,actvstrat=,0.263621, actvprof=,0.928346, id=,B13, PRJADE,actvstrat=,-0.899651, actvprof=,2.325866, id=,B14, PRJADE,actvstrat=,-0.376648, actvprof=,1.593911, id=,B15, PRJADE,actvstrat=,-0.954563, actvprof=,4.051445, id=,B16, PRJADE,actvstrat=,-0.080846, actvprof=,3.169766, id=,B17, PRJADE,actvstrat=,0.443820, actvprof=,4.457840, id=,B18, PRJADE,actvstrat=,0.884912, actvprof=,4.931735, id=,B19, PRJADE,actvstrat=,-0.502805, actvprof=,5.243684, id=,S00, PRJADE,actvstrat=,1.000000, actvprof=,11.840720, id=,S01, PRJADE,actvstrat=,0.890232, actvprof=,10.530702, id=,S02, PRJADE,actvstrat=,-0.453518, actvprof=,2.625870, id=,S03, PRJADE,actvstrat=,-0.549431, actvprof=,2.180308, id=,S04, PRJADE,actvstrat=,1.000000, actvprof=,7.001208, id=,S05, PRJADE,actvstrat=,-0.623020, actvprof=,1.443076, id=,S06, PRJADE,actvstrat=,-0.532674, actvprof=,0.966680, id=,S07, PRJADE,actvstrat=,-0.095941, actvprof=,0.978347, id=,S08, PRJADE,actvstrat=,-0.658450, actvprof=,0.452784, id=,S09, PRJADE,actvstrat=,-0.668999, actvprof=,0.348060, id=,S10, PRJADE,actvstrat=,1.000000, actvprof=,1.454187, id=,S11, PRJADE,actvstrat=,0.421330, actvprof=,0.625009, id=,S12, PRJADE,actvstrat=,-0.642286, actvprof=,0.052223, id=,S13, PRJADE,actvstrat=,0.284774, actvprof=,0.179725, id=,S14, PRJADE,actvstrat=,-0.438095, actvprof=,0.006667, id=,S15, PRJADE,actvstrat=,0.965569, actvprof=,0.406950, id=,S16, PRJADE,actvstrat=,0.028308, actvprof=,0.003889, id=,S17, PRJADE,actvstrat=,0.305408, actvprof=,0.000000, id=,S18, PRJADE,actvstrat=,-1.000000, actvprof=,0.000000, id=,S19, PRJADE,actvstrat=,-1.000000, actvprof=,0.000000, best_B_id=,B19, best_B_prof=,5.243684, best_B_strat=,-0.502805, best_S_id=,S00, best_S_prof=,11.840720, best_S_strat=,1.000000, 
t=,28800, id=,B00, PRJADE,actvstrat=,0.718080, actvprof=,0.000000, id=,B01, PRJADE,actvstrat=,1.000000, actvprof=,0.000000, id=,B02, PRJADE,actvstrat=,-0.901427, actvprof=,0.000000, id=,B03, PRJADE,actvstrat=,-0.475931, actvprof=,0.001111, id=,B04, PRJADE,actvstrat=,0.095658, actvprof=,0.005000, id=,B05, PRJADE,actvstrat=,-0.227724, actvprof=,0.004722, id=,B06, PRJADE,actvstrat=,-0.442202, actvprof=,0.004444, id=,B07, PRJADE,actvstrat=,0.429290, actvprof=,0.058056, id=,B08, PRJADE,actvstrat=,0.225959, actvprof=,0.082917, id=,B09, PRJADE,actvstrat=,0.816252, actvprof=,0.484170, id=,B10, PRJADE,actvstrat=,0.344818, actvprof=,0.375836, id=,B11, PRJADE,actvstrat=,0.368568, actvprof=,0.682921, id=,B12, PRJADE,actvstrat=,0.263621, actvprof=,0.963340, id=,B13, PRJADE,actvstrat=,-0.899651, actvprof=,2.246127, id=,B14, PRJADE,actvstrat=,-0.376648, actvprof=,1.526816, id=,B15, PRJADE,actvstrat=,-0.954563, actvprof=,4.061000, id=,B16, PRJADE,actvstrat=,-0.080846, actvprof=,3.137938, id=,B17, PRJADE,actvstrat=,0.443820, actvprof=,4.601838, id=,B18, PRJADE,actvstrat=,0.884912, actvprof=,4.948507, id=,B19, PRJADE,actvstrat=,-0.502805, actvprof=,5.413788, id=,S00, PRJADE,actvstrat=,1.000000, actvprof=,11.912722, id=,S01, PRJADE,actvstrat=,0.890232, actvprof=,10.545351, id=,S02, PRJADE,actvstrat=,-0.453518, actvprof=,2.823075, id=,S03, PRJADE,actvstrat=,-0.549431, actvprof=,2.242238, id=,S04, PRJADE,actvstrat=,1.000000, actvprof=,6.864492, id=,S05, PRJADE,actvstrat=,-0.623020, actvprof=,1.375982, id=,S06, PRJADE,actvstrat=,-0.532674, actvprof=,0.932090, id=,S07, PRJADE,actvstrat=,-0.095941, actvprof=,0.989590, id=,S08, PRJADE,actvstrat=,-0.658450, actvprof=,0.452364, id=,S09, PRJADE,actvstrat=,-0.668999, actvprof=,0.310280, id=,S10, PRJADE,actvstrat=,1.000000, actvprof=,1.501538, id=,S11, PRJADE,actvstrat=,0.421330, actvprof=,0.643477, id=,S12, PRJADE,actvstrat=,-0.642286, actvprof=,0.054306, id=,S13, PRJADE,actvstrat=,0.284774, actvprof=,0.165557, id=,S14, PRJADE,actvstrat=,-0.438095, actvprof=,0.005972, id=,S15, PRJADE,actvstrat=,0.965569, actvprof=,0.383336, id=,S16, PRJADE,actvstrat=,0.028308, actvprof=,0.002361, id=,S17, PRJADE,actvstrat=,0.305408, actvprof=,0.000000, id=,S18, PRJADE,actvstrat=,-1.000000, actvprof=,0.000000, id=,S19, PRJADE,actvstrat=,-1.000000, actvprof=,0.000000, best_B_id=,B19, best_B_prof=,5.413788, best_B_strat=,-0.502805, best_S_id=,S00, best_S_prof=,11.912722, best_S_strat=,1.000000, 
t=,32400, id=,B00, PRJADE,actvstrat=,-0.460438, actvprof=,0.000000, id=,B01, PRJADE,actvstrat=,-0.551669, actvprof=,0.000000, id=,B02, PRJADE,actvstrat=,-0.786965, actvprof=,0.000000, id=,B03, PRJADE,actvstrat=,-0.475931, actvprof=,0.010556, id=,B04, PRJADE,actvstrat=,0.095658, actvprof=,0.043334, id=,B05, PRJADE,actvstrat=,0.015655, actvprof=,0.130003, id=,B06, PRJADE,actvstrat=,-0.550023, actvprof=,0.051946, id=,B07, PRJADE,actvstrat=,0.872967, actvprof=,0.932797, id=,B08, PRJADE,actvstrat=,-0.105181, actvprof=,0.211671, id=,B09, PRJADE,actvstrat=,-0.592438, actvprof=,0.212782, id=,B10, PRJADE,actvstrat=,-0.864192, actvprof=,0.164448, id=,B11, PRJADE,actvstrat=,0.226023, actvprof=,0.979743, id=,B12, PRJADE,actvstrat=,0.455823, actvprof=,1.727258, id=,B13, PRJADE,actvstrat=,-0.869397, actvprof=,0.504733, id=,B14, PRJADE,actvstrat=,-0.924958, actvprof=,1.048355, id=,B15, PRJADE,actvstrat=,0.268938, actvprof=,2.537831, id=,B16, PRJADE,actvstrat=,-0.137261, actvprof=,1.717536, id=,B17, PRJADE,actvstrat=,0.029481, actvprof=,2.858948, id=,B18, PRJADE,actvstrat=,0.884912, actvprof=,5.676785, id=,B19, PRJADE,actvstrat=,-0.407870, actvprof=,2.463107, id=,S00, PRJADE,actvstrat=,1.000000, actvprof=,2.861449, id=,S01, PRJADE,actvstrat=,0.890232, actvprof=,3.272290, id=,S02, PRJADE,actvstrat=,-0.453518, actvprof=,0.420287, id=,S03, PRJADE,actvstrat=,-0.988854, actvprof=,1.820038, id=,S04, PRJADE,actvstrat=,0.996126, actvprof=,1.378084, id=,S05, PRJADE,actvstrat=,-0.739912, actvprof=,0.178337, id=,S06, PRJADE,actvstrat=,-0.368186, actvprof=,0.136670, id=,S07, PRJADE,actvstrat=,-0.084460, actvprof=,0.116947, id=,S08, PRJADE,actvstrat=,-0.658450, actvprof=,0.037223, id=,S09, PRJADE,actvstrat=,-0.668999, actvprof=,0.041668, id=,S10, PRJADE,actvstrat=,1.000000, actvprof=,0.340563, id=,S11, PRJADE,actvstrat=,0.680340, actvprof=,0.115280, id=,S12, PRJADE,actvstrat=,-0.781762, actvprof=,0.000000, id=,S13, PRJADE,actvstrat=,-0.301186, actvprof=,0.000000, id=,S14, PRJADE,actvstrat=,-0.818559, actvprof=,0.000000, id=,S15, PRJADE,actvstrat=,0.994287, actvprof=,0.033890, id=,S16, PRJADE,actvstrat=,0.461478, actvprof=,0.001389, id=,S17, PRJADE,actvstrat=,-0.669742, actvprof=,0.000000, id=,S18, PRJADE,actvstrat=,-1.000000, actvprof=,0.000000, id=,S19, PRJADE,actvstrat=,0.699023, actvprof=,0.001667, best_B_id=,B18, best_B_prof=,5.676785, best_B_strat=,0.884912, best_S_id=,S01, best_S_prof=,3.272290, best_S_strat=,0.890232, 
t=,36000, id=,B00, PRJADE,actvstrat=,-0.460438, actvprof=,0.000000, id=,B01, PRJADE,actvstrat=,-0.551669, actvprof=,0.000000, id=,B02, PRJADE,actvstrat=,-0.786965, actvprof=,0.000000, id=,B03, PRJADE,actvstrat=,-0.475931, actvprof=,0.009306, id=,B04, PRJADE,actvstrat=,0.095658, actvprof=,0.045000, id=,B05, PRJADE,actvstrat=,0.015655, actvprof=,0.123474, id=,B06, PRJADE,actvstrat=,-0.550023, actvprof=,0.048751, id=,B07, PRJADE,actvstrat=,0.872967, actvprof=,0.913065, id=,B08, PRJADE,actvstrat=,-0.105181, actvprof=,0.205697, id=,B09, PRJADE,actvstrat=,-0.592438, actvprof=,0.192224, id=,B10, PRJADE,actvstrat=,-0.864192, actvprof=,0.143751, id=,B11, PRJADE,actvstrat=,0.226023, actvprof=,0.973621, id=,B12, PRJADE,actvstrat=,0.455823, actvprof=,1.712101, id=,B13, PRJADE,actvstrat=,-0.869397, actvprof=,0.452227, id=,B14, PRJADE,actvstrat=,-0.924958, actvprof=,1.089039, id=,B15, PRJADE,actvstrat=,0.268938, actvprof=,2.536832, id=,B16, PRJADE,actvstrat=,-0.137261, actvprof=,1.739601, id=,B17, PRJADE,actvstrat=,0.029481, actvprof=,2.874474, id=,B18, PRJADE,actvstrat=,0.884912, actvprof=,5.671865, id=,B19, PRJADE,actvstrat=,-0.407870, actvprof=,2.398497, id=,S00, PRJADE,actvstrat=,1.000000, actvprof=,2.966559, id=,S01, PRJADE,actvstrat=,0.890232, actvprof=,3.269479, id=,S02, PRJADE,actvstrat=,-0.453518, actvprof=,0.361809, id=,S03, PRJADE,actvstrat=,-0.988854, actvprof=,1.767796, id=,S04, PRJADE,actvstrat=,0.996126, actvprof=,1.333486, id=,S05, PRJADE,actvstrat=,-0.739912, actvprof=,0.135140, id=,S06, PRJADE,actvstrat=,-0.368186, actvprof=,0.119585, id=,S07, PRJADE,actvstrat=,-0.084460, actvprof=,0.130557, id=,S08, PRJADE,actvstrat=,-0.658450, actvprof=,0.041528, id=,S09, PRJADE,actvstrat=,-0.668999, actvprof=,0.031528, id=,S10, PRJADE,actvstrat=,1.000000, actvprof=,0.362643, id=,S11, PRJADE,actvstrat=,0.680340, actvprof=,0.107918, id=,S12, PRJADE,actvstrat=,-0.781762, actvprof=,0.000972, id=,S13, PRJADE,actvstrat=,-0.301186, actvprof=,0.002639, id=,S14, PRJADE,actvstrat=,-0.818559, actvprof=,0.000000, id=,S15, PRJADE,actvstrat=,0.994287, actvprof=,0.032500, id=,S16, PRJADE,actvstrat=,0.461478, actvprof=,0.000694, id=,S17, PRJADE,actvstrat=,-0.669742, actvprof=,0.000000, id=,S18, PRJADE,actvstrat=,-1.000000, actvprof=,0.000000, id=,S19, PRJADE,actvstrat=,0.699023, actvprof=,0.000833, best_B_id=,B18, best_B_prof=,5.671865, best_B_strat=,0.884912, best_S_id=,S01, best_S_prof=,3.269479, best_S_strat=,0.890232, 
t=,39600, id=,B00, PRJADE,actvstrat=,0.409349, actvprof=,0.000000, id=,B01, PRJADE,actvstrat=,1.000000, actvprof=,0.000000, id=,B02, PRJADE,actvstrat=,-0.762496, actvprof=,0.000000, id=,B03, PRJADE,actvstrat=,-0.360216, actvprof=,0.000000, id=,B04, PRJADE,actvstrat=,0.043099, actvprof=,0.000000, id=,B05, PRJADE,actvstrat=,-0.290510, actvprof=,0.000000, id=,B06, PRJADE,actvstrat=,-1.000000, actvprof=,0.001667, id=,B07, PRJADE,actvstrat=,1.000000, actvprof=,0.031667, id=,B08, PRJADE,actvstrat=,0.961167, actvprof=,0.104169, id=,B09, PRJADE,actvstrat=,1.000000, actvprof=,0.211671, id=,B10, PRJADE,actvstrat=,-0.706834, actvprof=,0.014445, id=,B11, PRJADE,actvstrat=,0.315822, actvprof=,0.125836, id=,B12, PRJADE,actvstrat=,0.250039, actvprof=,0.249727, id=,B13, PRJADE,actvstrat=,-0.603996, actvprof=,0.081391, id=,B14, PRJADE,actvstrat=,-0.495626, actvprof=,0.085002, id=,B15, PRJADE,actvstrat=,-1.000000, actvprof=,3.031452, id=,B16, PRJADE,actvstrat=,-0.133214, actvprof=,0.503622, id=,B17, PRJADE,actvstrat=,-0.000374, actvprof=,1.133913, id=,B18, PRJADE,actvstrat=,0.801658, actvprof=,3.480628, id=,B19, PRJADE,actvstrat=,-0.671161, actvprof=,0.766683, id=,S00, PRJADE,actvstrat=,1.000000, actvprof=,5.955957, id=,S01, PRJADE,actvstrat=,0.422587, actvprof=,3.408127, id=,S02, PRJADE,actvstrat=,-0.453518, actvprof=,0.631124, id=,S03, PRJADE,actvstrat=,-0.731028, actvprof=,0.409453, id=,S04, PRJADE,actvstrat=,0.587259, actvprof=,2.042820, id=,S05, PRJADE,actvstrat=,-0.704926, actvprof=,0.204726, id=,S06, PRJADE,actvstrat=,-0.873418, actvprof=,0.014723, id=,S07, PRJADE,actvstrat=,0.702148, actvprof=,1.032522, id=,S08, PRJADE,actvstrat=,-0.340792, actvprof=,0.056668, id=,S09, PRJADE,actvstrat=,-0.570495, actvprof=,0.060557, id=,S10, PRJADE,actvstrat=,0.366710, actvprof=,0.149448, id=,S11, PRJADE,actvstrat=,0.942620, actvprof=,0.471121, id=,S12, PRJADE,actvstrat=,-0.346374, actvprof=,0.000000, id=,S13, PRJADE,actvstrat=,0.430145, actvprof=,0.017500, id=,S14, PRJADE,actvstrat=,-1.000000, actvprof=,0.037223, id=,S15, PRJADE,actvstrat=,0.761379, actvprof=,0.005556, id=,S16, PRJADE,actvstrat=,0.243098, actvprof=,0.000000, id=,S17, PRJADE,actvstrat=,0.513979, actvprof=,0.000000, id=,S18, PRJADE,actvstrat=,-0.722545, actvprof=,0.000000, id=,S19, PRJADE,actvstrat=,-0.252423, actvprof=,0.000000, best_B_id=,B18, best_B_prof=,3.480628, best_B_strat=,0.801658, best_S_id=,S00, best_S_prof=,5.955957, best_S_strat=,1.000000, 
t=,43200, id=,B00, PRJADE,actvstrat=,0.409349, actvprof=,0.000000, id=,B01, PRJADE,actvstrat=,1.000000, actvprof=,0.000278, id=,B02, PRJADE,actvstrat=,-0.762496, actvprof=,0.000000, id=,B03, PRJADE,actvstrat=,-0.360216, actvprof=,0.000000, id=,B04, PRJADE,actvstrat=,0.043099, actvprof=,0.001111, id=,B05, PRJADE,actvstrat=,-0.290510, actvprof=,0.000000, id=,B06, PRJADE,actvstrat=,-1.000000, actvprof=,0.006667, id=,B07, PRJADE,actvstrat=,1.000000, actvprof=,0.035417, id=,B08, PRJADE,actvstrat=,0.961167, actvprof=,0.121252, id=,B09, PRJADE,actvstrat=,1.000000, actvprof=,0.213753, id=,B10, PRJADE,actvstrat=,-0.706834, actvprof=,0.010695, id=,B11, PRJADE,actvstrat=,0.315822, actvprof=,0.134446, id=,B12, PRJADE,actvstrat=,0.250039, actvprof=,0.231809, id=,B13, PRJADE,actvstrat=,-0.603996, actvprof=,0.087362, id=,B14, PRJADE,actvstrat=,-0.495626, actvprof=,0.115557, id=,B15, PRJADE,actvstrat=,-1.000000, actvprof=,3.044765, id=,B16, PRJADE,actvstrat=,-0.133214, actvprof=,0.438062, id=,B17, PRJADE,actvstrat=,-0.000374, actvprof=,1.050709, id=,B18, PRJADE,actvstrat=,0.801658, actvprof=,3.435048, id=,B19, PRJADE,actvstrat=,-0.671161, actvprof=,0.769733, id=,S00, PRJADE,actvstrat=,1.000000, actvprof=,5.938555, id=,S01, PRJADE,actvstrat=,0.422587, actvprof=,3.446576, id=,S02, PRJADE,actvstrat=,-0.453518, actvprof=,0.592786, id=,S03, PRJADE,actvstrat=,-0.731028, actvprof=,0.390422, id=,S04, PRJADE,actvstrat=,0.587259, actvprof=,2.071557, id=,S05, PRJADE,actvstrat=,-0.704926, actvprof=,0.176947, id=,S06, PRJADE,actvstrat=,-0.873418, actvprof=,0.015556, id=,S07, PRJADE,actvstrat=,0.702148, actvprof=,1.022375, id=,S08, PRJADE,actvstrat=,-0.340792, actvprof=,0.049167, id=,S09, PRJADE,actvstrat=,-0.570495, actvprof=,0.045834, id=,S10, PRJADE,actvstrat=,0.366710, actvprof=,0.147780, id=,S11, PRJADE,actvstrat=,0.942620, actvprof=,0.467506, id=,S12, PRJADE,actvstrat=,-0.346374, actvprof=,0.002361, id=,S13, PRJADE,actvstrat=,0.430145, actvprof=,0.016528, id=,S14, PRJADE,actvstrat=,-1.000000, actvprof=,0.034723, id=,S15, PRJADE,actvstrat=,0.761379, actvprof=,0.004861, id=,S16, PRJADE,actvstrat=,0.243098, actvprof=,0.000000, id=,S17, PRJADE,actvstrat=,0.513979, actvprof=,0.000000, id=,S18, PRJADE,actvstrat=,-0.722545, actvprof=,0.000000, id=,S19, PRJADE,actvstrat=,-0.252423, actvprof=,0.000000, best_B_id=,B18, best_B_prof=,3.435048, best_B_strat=,0.801658, best_S_id=,S00, best_S_prof=,5.938555, best_S_strat=,1.000000, 
t=,46800, id=,B00, PRJADE,actvstrat=,0.409349, actvprof=,0.000000, id=,B01, PRJADE,actvstrat=,1.000000, actvprof=,0.004167, id=,B02, PRJADE,actvstrat=,-0.901427, actvprof=,0.000000, id=,B03, PRJADE,actvstrat=,-0.005515, actvprof=,0.005833, id=,B04, PRJADE,actvstrat=,0.095658, actvprof=,0.010278, id=,B05, PRJADE,actvstrat=,-0.227724, actvprof=,0.014723, id=,B06, PRJADE,actvstrat=,0.819684, actvprof=,0.231118, id=,B07, PRJADE,actvstrat=,-0.487348, actvprof=,0.027501, id=,B08, PRJADE,actvstrat=,0.117060, actvprof=,0.158060, id=,B09, PRJADE,actvstrat=,1.000000, actvprof=,0.550571, id=,B10, PRJADE,actvstrat=,0.344818, actvprof=,0.430012, id=,B11, PRJADE,actvstrat=,0.368568, actvprof=,0.532793, id=,B12, PRJADE,actvstrat=,0.702743, actvprof=,1.249201, id=,B13, PRJADE,actvstrat=,-0.138478, actvprof=,0.442512, id=,B14, PRJADE,actvstrat=,-0.376648, actvprof=,0.496403, id=,B15, PRJADE,actvstrat=,-0.198147, actvprof=,0.644185, id=,B16, PRJADE,actvstrat=,-0.137261, actvprof=,1.100586, id=,B17, PRJADE,actvstrat=,-0.467134, actvprof=,0.961416, id=,B18, PRJADE,actvstrat=,0.520616, actvprof=,3.138698, id=,B19, PRJADE,actvstrat=,-0.407870, actvprof=,1.575599, id=,S00, PRJADE,actvstrat=,1.000000, actvprof=,4.569849, id=,S01, PRJADE,actvstrat=,0.422587, actvprof=,2.692019, id=,S02, PRJADE,actvstrat=,-0.213077, actvprof=,0.588072, id=,S03, PRJADE,actvstrat=,-0.988854, actvprof=,1.026695, id=,S04, PRJADE,actvstrat=,1.000000, actvprof=,2.302008, id=,S05, PRJADE,actvstrat=,0.179733, actvprof=,0.652240, id=,S06, PRJADE,actvstrat=,-0.368186, actvprof=,0.115837, id=,S07, PRJADE,actvstrat=,0.557658, actvprof=,0.524459, id=,S08, PRJADE,actvstrat=,-0.340792, actvprof=,0.071113, id=,S09, PRJADE,actvstrat=,-0.570495, actvprof=,0.012223, id=,S10, PRJADE,actvstrat=,-0.760484, actvprof=,0.017223, id=,S11, PRJADE,actvstrat=,0.421330, actvprof=,0.038057, id=,S12, PRJADE,actvstrat=,-0.642286, actvprof=,0.000000, id=,S13, PRJADE,actvstrat=,-0.463066, actvprof=,0.000000, id=,S14, PRJADE,actvstrat=,-1.000000, actvprof=,0.038890, id=,S15, PRJADE,actvstrat=,0.965569, actvprof=,0.022223, id=,S16, PRJADE,actvstrat=,0.461478, actvprof=,0.000556, id=,S17, PRJADE,actvstrat=,0.356938, actvprof=,0.000000, id=,S18, PRJADE,actvstrat=,-0.286300, actvprof=,0.000000, id=,S19, PRJADE,actvstrat=,0.699023, actvprof=,0.000000, best_B_id=,B18, best_B_prof=,3.138698, best_B_strat=,0.520616, best_S_id=,S00, best_S_prof=,4.569849, best_S_strat=,1.000000, 
t=,50400, id=,B00, PRJADE,actvstrat=,0.409349, actvprof=,0.000000, id=,B01, PRJADE,actvstrat=,1.000000, actvprof=,0.005417, id=,B02, PRJADE,actvstrat=,-0.901427, actvprof=,0.000000, id=,B03, PRJADE,actvstrat=,-0.005515, actvprof=,0.003889, id=,B04, PRJADE,actvstrat=,0.095658, actvprof=,0.010556, id=,B05, PRJADE,actvstrat=,-0.227724, actvprof=,0.016389, id=,B06, PRJADE,actvstrat=,0.819684, actvprof=,0.226253, id=,B07, PRJADE,actvstrat=,-0.487348, actvprof=,0.023889, id=,B08, PRJADE,actvstrat=,0.117060, actvprof=,0.125280, id=,B09, PRJADE,actvstrat=,1.000000, actvprof=,0.552091, id=,B10, PRJADE,actvstrat=,0.344818, actvprof=,0.425145, id=,B11, PRJADE,actvstrat=,0.368568, actvprof=,0.591675, id=,B12, PRJADE,actvstrat=,0.702743, actvprof=,1.227100, id=,B13, PRJADE,actvstrat=,-0.138478, actvprof=,0.440423, id=,B14, PRJADE,actvstrat=,-0.376648, actvprof=,0.493757, id=,B15, PRJADE,actvstrat=,-0.198147, actvprof=,0.651120, id=,B16, PRJADE,actvstrat=,-0.137261, actvprof=,1.009458, id=,B17, PRJADE,actvstrat=,-0.467134, actvprof=,0.958624, id=,B18, PRJADE,actvstrat=,0.520616, actvprof=,3.170183, id=,B19, PRJADE,actvstrat=,-0.407870, actvprof=,1.610856, id=,S00, PRJADE,actvstrat=,1.000000, actvprof=,4.517841, id=,S01, PRJADE,actvstrat=,0.422587, actvprof=,2.638509, id=,S02, PRJADE,actvstrat=,-0.213077, actvprof=,0.618759, id=,S03, PRJADE,actvstrat=,-0.988854, actvprof=,1.082098, id=,S04, PRJADE,actvstrat=,1.000000, actvprof=,2.406283, id=,S05, PRJADE,actvstrat=,0.179733, actvprof=,0.680704, id=,S06, PRJADE,actvstrat=,-0.368186, actvprof=,0.104307, id=,S07, PRJADE,actvstrat=,0.557658, actvprof=,0.514729, id=,S08, PRJADE,actvstrat=,-0.340792, actvprof=,0.072779, id=,S09, PRJADE,actvstrat=,-0.570495, actvprof=,0.026389, id=,S10, PRJADE,actvstrat=,-0.760484, actvprof=,0.017778, id=,S11, PRJADE,actvstrat=,0.421330, actvprof=,0.036945, id=,S12, PRJADE,actvstrat=,-0.642286, actvprof=,0.000000, id=,S13, PRJADE,actvstrat=,-0.463066, actvprof=,0.000000, id=,S14, PRJADE,actvstrat=,-1.000000, actvprof=,0.037223, id=,S15, PRJADE,actvstrat=,0.965569, actvprof=,0.017500, id=,S16, PRJADE,actvstrat=,0.461478, actvprof=,0.000278, id=,S17, PRJADE,actvstrat=,0.356938, actvprof=,0.000000, id=,S18, PRJADE,actvstrat=,-0.286300, actvprof=,0.000000, id=,S19, PRJADE,actvstrat=,0.699023, actvprof=,0.000000, best_B_id=,B18, best_B_prof=,3.170183, best_B_strat=,0.520616, best_S_id=,S00, best_S_prof=,4.517841, best_S_strat=,1.000000, 
t=,54000, id=,B00, PRJADE,actvstrat=,0.132756, actvprof=,0.000000, id=,B01, PRJADE,actvstrat=,1.000000, actvprof=,0.000000, id=,B02, PRJADE,actvstrat=,0.814370, actvprof=,0.000833, id=,B03, PRJADE,actvstrat=,-0.238354, actvprof=,0.000000, id=,B04, PRJADE,actvstrat=,0.298642, actvprof=,0.003611, id=,B05, PRJADE,actvstrat=,0.104026, actvprof=,0.014445, id=,B06, PRJADE,actvstrat=,-0.878400, actvprof=,0.000000, id=,B07, PRJADE,actvstrat=,-0.073809, actvprof=,0.020556, id=,B08, PRJADE,actvstrat=,0.636379, actvprof=,0.263063, id=,B09, PRJADE,actvstrat=,0.900191, actvprof=,0.915303, id=,B10, PRJADE,actvstrat=,0.768225, actvprof=,0.814745, id=,B11, PRJADE,actvstrat=,0.322830, actvprof=,0.590294, id=,B12, PRJADE,actvstrat=,0.427864, actvprof=,0.947804, id=,B13, PRJADE,actvstrat=,-0.529048, actvprof=,0.342232, id=,B14, PRJADE,actvstrat=,-0.149328, actvprof=,0.617795, id=,B15, PRJADE,actvstrat=,-0.601125, actvprof=,0.637518, id=,B16, PRJADE,actvstrat=,-0.080171, actvprof=,1.303647, id=,B17, PRJADE,actvstrat=,-0.264081, actvprof=,1.105864, id=,B18, PRJADE,actvstrat=,0.585531, actvprof=,4.042335, id=,B19, PRJADE,actvstrat=,-0.126611, actvprof=,2.463957, id=,S00, PRJADE,actvstrat=,-0.388699, actvprof=,0.684186, id=,S01, PRJADE,actvstrat=,0.467758, actvprof=,2.043946, id=,S02, PRJADE,actvstrat=,0.388745, actvprof=,1.613656, id=,S03, PRJADE,actvstrat=,-0.507140, actvprof=,0.193894, id=,S04, PRJADE,actvstrat=,1.000000, actvprof=,1.909775, id=,S05, PRJADE,actvstrat=,-1.000000, actvprof=,1.781994, id=,S06, PRJADE,actvstrat=,-1.000000, actvprof=,1.319759, id=,S07, PRJADE,actvstrat=,0.058683, actvprof=,0.207228, id=,S08, PRJADE,actvstrat=,0.325848, actvprof=,0.116670, id=,S09, PRJADE,actvstrat=,-0.096501, actvprof=,0.016945, id=,S10, PRJADE,actvstrat=,-0.250876, actvprof=,0.022223, id=,S11, PRJADE,actvstrat=,0.929913, actvprof=,0.195839, id=,S12, PRJADE,actvstrat=,-0.487330, actvprof=,0.000000, id=,S13, PRJADE,actvstrat=,-0.221684, actvprof=,0.000833, id=,S14, PRJADE,actvstrat=,0.167416, actvprof=,0.003333, id=,S15, PRJADE,actvstrat=,0.304007, actvprof=,0.001389, id=,S16, PRJADE,actvstrat=,0.387314, actvprof=,0.000000, id=,S17, PRJADE,actvstrat=,0.480067, actvprof=,0.000000, id=,S18, PRJADE,actvstrat=,-0.457448, actvprof=,0.000000, id=,S19, PRJADE,actvstrat=,-1.000000, actvprof=,0.000000, best_B_id=,B18, best_B_prof=,4.042335, best_B_strat=,0.585531, best_S_id=,S01, best_S_prof=,2.043946, best_S_strat=,0.467758, 
t=,57600, id=,B00, PRJADE,actvstrat=,0.132756, actvprof=,0.000000, id=,B01, PRJADE,actvstrat=,1.000000, actvprof=,0.000000, id=,B02, PRJADE,actvstrat=,0.814370, actvprof=,0.000833, id=,B03, PRJADE,actvstrat=,-0.238354, actvprof=,0.000000, id=,B04, PRJADE,actvstrat=,0.298642, actvprof=,0.005278, id=,B05, PRJADE,actvstrat=,0.104026, actvprof=,0.009167, id=,B06, PRJADE,actvstrat=,-0.878400, actvprof=,0.000000, id=,B07, PRJADE,actvstrat=,-0.073809, actvprof=,0.022361, id=,B08, PRJADE,actvstrat=,0.636379, actvprof=,0.266531, id=,B09, PRJADE,actvstrat=,0.900191, actvprof=,0.896401, id=,B10, PRJADE,actvstrat=,0.768225, actvprof=,0.814317, id=,B11, PRJADE,actvstrat=,0.322830, actvprof=,0.561674, id=,B12, PRJADE,actvstrat=,0.427864, actvprof=,0.976958, id=,B13, PRJADE,actvstrat=,-0.529048, actvprof=,0.280698, id=,B14, PRJADE,actvstrat=,-0.149328, actvprof=,0.604592, id=,B15, PRJADE,actvstrat=,-0.601125, actvprof=,0.638620, id=,B16, PRJADE,actvstrat=,-0.080171, actvprof=,1.354463, id=,B17, PRJADE,actvstrat=,-0.264081, actvprof=,1.163905, id=,B18, PRJADE,actvstrat=,0.585531, actvprof=,3.974639, id=,B19, PRJADE,actvstrat=,-0.126611, actvprof=,2.399478, id=,S00, PRJADE,actvstrat=,-0.388699, actvprof=,0.794872, id=,S01, PRJADE,actvstrat=,0.467758, actvprof=,2.100307, id=,S02, PRJADE,actvstrat=,0.388745, actvprof=,1.538077, id=,S03, PRJADE,actvstrat=,-0.507140, actvprof=,0.223753, id=,S04, PRJADE,actvstrat=,1.000000, actvprof=,1.956555, id=,S05, PRJADE,actvstrat=,-1.000000, actvprof=,1.699051, id=,S06, PRJADE,actvstrat=,-1.000000, actvprof=,1.336269, id=,S07, PRJADE,actvstrat=,0.058683, actvprof=,0.201531, id=,S08, PRJADE,actvstrat=,0.325848, actvprof=,0.140141, id=,S09, PRJADE,actvstrat=,-0.096501, actvprof=,0.026806, id=,S10, PRJADE,actvstrat=,-0.250876, actvprof=,0.011111, id=,S11, PRJADE,actvstrat=,0.929913, actvprof=,0.163891, id=,S12, PRJADE,actvstrat=,-0.487330, actvprof=,0.000000, id=,S13, PRJADE,actvstrat=,-0.221684, actvprof=,0.002361, id=,S14, PRJADE,actvstrat=,0.167416, actvprof=,0.001944, id=,S15, PRJADE,actvstrat=,0.304007, actvprof=,0.001250, id=,S16, PRJADE,actvstrat=,0.387314, actvprof=,0.000000, id=,S17, PRJADE,actvstrat=,0.480067, actvprof=,0.000000, id=,S18, PRJADE,actvstrat=,-0.457448, actvprof=,0.000000, id=,S19, PRJADE,actvstrat=,-1.000000, actvprof=,0.000000, best_B_id=,B18, best_B_prof=,3.974639, best_B_strat=,0.585531, best_S_id=,S01, best_S_prof=,2.100307, best_S_strat=,0.467758, 
t=,61200, id=,B00, PRJADE,actvstrat=,0.132756, actvprof=,0.000000, id=,B01, PRJADE,actvstrat=,-0.693011, actvprof=,0.010556, id=,B02, PRJADE,actvstrat=,0.987152, actvprof=,0.000000, id=,B03, PRJADE,actvstrat=,-0.553523, actvprof=,0.000000, id=,B04, PRJADE,actvstrat=,0.243046, actvprof=,0.000000, id=,B05, PRJADE,actvstrat=,0.015655, actvprof=,0.008611, id=,B06, PRJADE,actvstrat=,0.819684, actvprof=,0.013334, id=,B07, PRJADE,actvstrat=,0.539206, actvprof=,0.053057, id=,B08, PRJADE,actvstrat=,0.961167, actvprof=,0.256674, id=,B09, PRJADE,actvstrat=,0.715257, actvprof=,0.463346, id=,B10, PRJADE,actvstrat=,-0.145852, actvprof=,0.245285, id=,B11, PRJADE,actvstrat=,0.322830, actvprof=,0.907247, id=,B12, PRJADE,actvstrat=,0.455823, actvprof=,1.740326, id=,B13, PRJADE,actvstrat=,-0.899651, actvprof=,2.590905, id=,B14, PRJADE,actvstrat=,-0.149328, actvprof=,2.224228, id=,B15, PRJADE,actvstrat=,-0.601125, actvprof=,2.819523, id=,B16, PRJADE,actvstrat=,-0.126818, actvprof=,4.227340, id=,B17, PRJADE,actvstrat=,0.029481, actvprof=,5.174033, id=,B18, PRJADE,actvstrat=,0.585531, actvprof=,7.516320, id=,B19, PRJADE,actvstrat=,-0.502805, actvprof=,6.476013, id=,S00, PRJADE,actvstrat=,-0.126933, actvprof=,4.005667, id=,S01, PRJADE,actvstrat=,0.422587, actvprof=,6.807689, id=,S02, PRJADE,actvstrat=,0.388745, actvprof=,5.272646, id=,S03, PRJADE,actvstrat=,0.158688, actvprof=,3.714825, id=,S04, PRJADE,actvstrat=,0.587259, actvprof=,4.175949, id=,S05, PRJADE,actvstrat=,0.933834, actvprof=,4.989305, id=,S06, PRJADE,actvstrat=,0.582689, actvprof=,2.555627, id=,S07, PRJADE,actvstrat=,0.702148, actvprof=,2.117837, id=,S08, PRJADE,actvstrat=,-0.970084, actvprof=,1.516431, id=,S09, PRJADE,actvstrat=,0.772145, actvprof=,1.183366, id=,S10, PRJADE,actvstrat=,0.435815, actvprof=,0.308620, id=,S11, PRJADE,actvstrat=,0.929913, actvprof=,0.721409, id=,S12, PRJADE,actvstrat=,0.239971, actvprof=,0.030834, id=,S13, PRJADE,actvstrat=,0.839216, actvprof=,0.098336, id=,S14, PRJADE,actvstrat=,-0.315047, actvprof=,0.000000, id=,S15, PRJADE,actvstrat=,0.965569, actvprof=,0.031668, id=,S16, PRJADE,actvstrat=,-0.257876, actvprof=,0.000000, id=,S17, PRJADE,actvstrat=,0.868204, actvprof=,0.000000, id=,S18, PRJADE,actvstrat=,-0.457448, actvprof=,0.000000, id=,S19, PRJADE,actvstrat=,-1.000000, actvprof=,0.000000, best_B_id=,B18, best_B_prof=,7.516320, best_B_strat=,0.585531, best_S_id=,S01, best_S_prof=,6.807689, best_S_strat=,0.422587, 
t=,64800, id=,B00, PRJADE,actvstrat=,0.132756, actvprof=,0.000000, id=,B01, PRJADE,actvstrat=,-0.693011, actvprof=,0.005278, id=,B02, PRJADE,actvstrat=,0.987152, actvprof=,0.000000, id=,B03, PRJADE,actvstrat=,-0.553523, actvprof=,0.000000, id=,B04, PRJADE,actvstrat=,0.243046, actvprof=,0.000139, id=,B05, PRJADE,actvstrat=,0.015655, actvprof=,0.004306, id=,B06, PRJADE,actvstrat=,0.819684, actvprof=,0.018334, id=,B07, PRJADE,actvstrat=,0.539206, actvprof=,0.043473, id=,B08, PRJADE,actvstrat=,0.961167, actvprof=,0.251670, id=,B09, PRJADE,actvstrat=,0.715257, actvprof=,0.506257, id=,B10, PRJADE,actvstrat=,-0.145852, actvprof=,0.267643, id=,B11, PRJADE,actvstrat=,0.322830, actvprof=,1.002236, id=,B12, PRJADE,actvstrat=,0.455823, actvprof=,1.726274, id=,B13, PRJADE,actvstrat=,-0.899651, actvprof=,2.547952, id=,B14, PRJADE,actvstrat=,-0.149328, actvprof=,2.238364, id=,B15, PRJADE,actvstrat=,-0.601125, actvprof=,2.816150, id=,B16, PRJADE,actvstrat=,-0.126818, actvprof=,4.197003, id=,B17, PRJADE,actvstrat=,0.029481, actvprof=,5.139655, id=,B18, PRJADE,actvstrat=,0.585531, actvprof=,7.566633, id=,B19, PRJADE,actvstrat=,-0.502805, actvprof=,6.449951, id=,S00, PRJADE,actvstrat=,-0.126933, actvprof=,4.132557, id=,S01, PRJADE,actvstrat=,0.422587, actvprof=,6.802178, id=,S02, PRJADE,actvstrat=,0.388745, actvprof=,5.411325, id=,S03, PRJADE,actvstrat=,0.158688, actvprof=,3.852831, id=,S04, PRJADE,actvstrat=,0.587259, actvprof=,4.105474, id=,S05, PRJADE,actvstrat=,0.933834, actvprof=,4.856179, id=,S06, PRJADE,actvstrat=,0.582689, actvprof=,2.458784, id=,S07, PRJADE,actvstrat=,0.702148, actvprof=,2.121974, id=,S08, PRJADE,actvstrat=,-0.970084, actvprof=,1.465993, id=,S09, PRJADE,actvstrat=,0.772145, actvprof=,1.105432, id=,S10, PRJADE,actvstrat=,0.435815, actvprof=,0.330560, id=,S11, PRJADE,actvstrat=,0.929913, actvprof=,0.713899, id=,S12, PRJADE,actvstrat=,0.239971, actvprof=,0.046945, id=,S13, PRJADE,actvstrat=,0.839216, actvprof=,0.086946, id=,S14, PRJADE,actvstrat=,-0.315047, actvprof=,0.000000, id=,S15, PRJADE,actvstrat=,0.965569, actvprof=,0.027084, id=,S16, PRJADE,actvstrat=,-0.257876, actvprof=,0.000000, id=,S17, PRJADE,actvstrat=,0.868204, actvprof=,0.000694, id=,S18, PRJADE,actvstrat=,-0.457448, actvprof=,0.000000, id=,S19, PRJADE,actvstrat=,-1.000000, actvprof=,0.000000, best_B_id=,B18, best_B_prof=,7.566633, best_B_strat=,0.585531, best_S_id=,S01, best_S_prof=,6.802178, best_S_strat=,0.422587, 
t=,68400, id=,B00, PRJADE,actvstrat=,0.340434, actvprof=,0.000000, id=,B01, PRJADE,actvstrat=,0.428716, actvprof=,0.000000, id=,B02, PRJADE,actvstrat=,-0.742232, actvprof=,0.000000, id=,B03, PRJADE,actvstrat=,-0.436940, actvprof=,0.000000, id=,B04, PRJADE,actvstrat=,0.377333, actvprof=,0.001111, id=,B05, PRJADE,actvstrat=,0.082291, actvprof=,0.000000, id=,B06, PRJADE,actvstrat=,-0.090894, actvprof=,0.003056, id=,B07, PRJADE,actvstrat=,0.903299, actvprof=,0.063613, id=,B08, PRJADE,actvstrat=,1.000000, actvprof=,0.061946, id=,B09, PRJADE,actvstrat=,0.762840, actvprof=,0.211673, id=,B10, PRJADE,actvstrat=,0.703697, actvprof=,0.451124, id=,B11, PRJADE,actvstrat=,0.319793, actvprof=,0.578072, id=,B12, PRJADE,actvstrat=,0.086451, actvprof=,0.650574, id=,B13, PRJADE,actvstrat=,-1.000000, actvprof=,3.183422, id=,B14, PRJADE,actvstrat=,-0.242474, actvprof=,1.445596, id=,B15, PRJADE,actvstrat=,-0.789322, actvprof=,2.583961, id=,B16, PRJADE,actvstrat=,-0.091747, actvprof=,2.906470, id=,B17, PRJADE,actvstrat=,-0.113067, actvprof=,3.746215, id=,B18, PRJADE,actvstrat=,0.895972, actvprof=,5.759604, id=,B19, PRJADE,actvstrat=,-0.453808, actvprof=,5.049307, id=,S00, PRJADE,actvstrat=,1.000000, actvprof=,11.471152, id=,S01, PRJADE,actvstrat=,0.171480, actvprof=,6.196561, id=,S02, PRJADE,actvstrat=,-0.340359, actvprof=,2.508125, id=,S03, PRJADE,actvstrat=,-0.001749, actvprof=,3.567599, id=,S04, PRJADE,actvstrat=,0.968313, actvprof=,6.719076, id=,S05, PRJADE,actvstrat=,-0.347125, actvprof=,1.108920, id=,S06, PRJADE,actvstrat=,0.187859, actvprof=,2.097836, id=,S07, PRJADE,actvstrat=,-0.091004, actvprof=,0.701408, id=,S08, PRJADE,actvstrat=,-0.207657, actvprof=,0.333620, id=,S09, PRJADE,actvstrat=,0.706171, actvprof=,1.343093, id=,S10, PRJADE,actvstrat=,-0.119646, actvprof=,0.179727, id=,S11, PRJADE,actvstrat=,1.000000, actvprof=,0.760577, id=,S12, PRJADE,actvstrat=,0.375409, actvprof=,0.188339, id=,S13, PRJADE,actvstrat=,0.588390, actvprof=,0.134726, id=,S14, PRJADE,actvstrat=,-0.007053, actvprof=,0.023056, id=,S15, PRJADE,actvstrat=,0.984928, actvprof=,0.183894, id=,S16, PRJADE,actvstrat=,0.150545, actvprof=,0.003889, id=,S17, PRJADE,actvstrat=,0.660613, actvprof=,0.000000, id=,S18, PRJADE,actvstrat=,0.181680, actvprof=,0.000000, id=,S19, PRJADE,actvstrat=,-0.535071, actvprof=,0.000000, best_B_id=,B18, best_B_prof=,5.759604, best_B_strat=,0.895972, best_S_id=,S00, best_S_prof=,11.471152, best_S_strat=,1.000000, 
t=,72000, id=,B00, PRJADE,actvstrat=,0.340434, actvprof=,0.000000, id=,B01, PRJADE,actvstrat=,0.428716, actvprof=,0.000000, id=,B02, PRJADE,actvstrat=,-0.742232, actvprof=,0.000000, id=,B03, PRJADE,actvstrat=,-0.436940, actvprof=,0.000000, id=,B04, PRJADE,actvstrat=,0.377333, actvprof=,0.000556, id=,B05, PRJADE,actvstrat=,0.082291, actvprof=,0.000000, id=,B06, PRJADE,actvstrat=,-0.090894, actvprof=,0.004167, id=,B07, PRJADE,actvstrat=,0.903299, actvprof=,0.053473, id=,B08, PRJADE,actvstrat=,1.000000, actvprof=,0.056945, id=,B09, PRJADE,actvstrat=,0.762840, actvprof=,0.223615, id=,B10, PRJADE,actvstrat=,0.703697, actvprof=,0.430702, id=,B11, PRJADE,actvstrat=,0.319793, actvprof=,0.578621, id=,B12, PRJADE,actvstrat=,0.086451, actvprof=,0.666678, id=,B13, PRJADE,actvstrat=,-1.000000, actvprof=,3.142555, id=,B14, PRJADE,actvstrat=,-0.242474, actvprof=,1.376829, id=,B15, PRJADE,actvstrat=,-0.789322, actvprof=,2.371152, id=,B16, PRJADE,actvstrat=,-0.091747, actvprof=,3.006719, id=,B17, PRJADE,actvstrat=,-0.113067, actvprof=,3.734509, id=,B18, PRJADE,actvstrat=,0.895972, actvprof=,5.862046, id=,B19, PRJADE,actvstrat=,-0.453808, actvprof=,4.962169, id=,S00, PRJADE,actvstrat=,1.000000, actvprof=,11.388531, id=,S01, PRJADE,actvstrat=,0.171480, actvprof=,6.259136, id=,S02, PRJADE,actvstrat=,-0.340359, actvprof=,2.608101, id=,S03, PRJADE,actvstrat=,-0.001749, actvprof=,3.708814, id=,S04, PRJADE,actvstrat=,0.968313, actvprof=,6.700672, id=,S05, PRJADE,actvstrat=,-0.347125, actvprof=,1.187104, id=,S06, PRJADE,actvstrat=,0.187859, actvprof=,2.026007, id=,S07, PRJADE,actvstrat=,-0.091004, actvprof=,0.667373, id=,S08, PRJADE,actvstrat=,-0.207657, actvprof=,0.305700, id=,S09, PRJADE,actvstrat=,0.706171, actvprof=,1.385302, id=,S10, PRJADE,actvstrat=,-0.119646, actvprof=,0.183475, id=,S11, PRJADE,actvstrat=,1.000000, actvprof=,0.726679, id=,S12, PRJADE,actvstrat=,0.375409, actvprof=,0.173892, id=,S13, PRJADE,actvstrat=,0.588390, actvprof=,0.132363, id=,S14, PRJADE,actvstrat=,-0.007053, actvprof=,0.027223, id=,S15, PRJADE,actvstrat=,0.984928, actvprof=,0.176114, id=,S16, PRJADE,actvstrat=,0.150545, actvprof=,0.004445, id=,S17, PRJADE,actvstrat=,0.660613, actvprof=,0.000972, id=,S18, PRJADE,actvstrat=,0.181680, actvprof=,0.000000, id=,S19, PRJADE,actvstrat=,-0.535071, actvprof=,0.000000, best_B_id=,B18, best_B_prof=,5.862046, best_B_strat=,0.895972, best_S_id=,S00, best_S_prof=,11.388531, best_S_strat=,1.000000, 
t=,75600, id=,B00, PRJADE,actvstrat=,0.718080, actvprof=,0.000000, id=,B01, PRJADE,actvstrat=,1.000000, actvprof=,0.000000, id=,B02, PRJADE,actvstrat=,0.814370, actvprof=,0.000000, id=,B03, PRJADE,actvstrat=,-0.475931, actvprof=,0.000000, id=,B04, PRJADE,actvstrat=,-0.116636, actvprof=,0.000000, id=,B05, PRJADE,actvstrat=,-0.610273, actvprof=,0.000000, id=,B06, PRJADE,actvstrat=,0.819684, actvprof=,0.014723, id=,B07, PRJADE,actvstrat=,0.429290, actvprof=,0.017779, id=,B08, PRJADE,actvstrat=,0.225959, actvprof=,0.030557, id=,B09, PRJADE,actvstrat=,0.900191, actvprof=,0.428629, id=,B10, PRJADE,actvstrat=,0.703697, actvprof=,0.553634, id=,B11, PRJADE,actvstrat=,0.226023, actvprof=,0.489465, id=,B12, PRJADE,actvstrat=,0.263621, actvprof=,1.033932, id=,B13, PRJADE,actvstrat=,-0.869397, actvprof=,1.554787, id=,B14, PRJADE,actvstrat=,-0.242474, actvprof=,1.761740, id=,B15, PRJADE,actvstrat=,-0.955493, actvprof=,4.681306, id=,B16, PRJADE,actvstrat=,-0.080846, actvprof=,3.587927, id=,B17, PRJADE,actvstrat=,0.443820, actvprof=,5.496896, id=,B18, PRJADE,actvstrat=,0.631602, actvprof=,6.939456, id=,B19, PRJADE,actvstrat=,-0.863986, actvprof=,5.963304, id=,S00, PRJADE,actvstrat=,1.000000, actvprof=,11.269081, id=,S01, PRJADE,actvstrat=,0.467758, actvprof=,7.265581, id=,S02, PRJADE,actvstrat=,-0.453518, actvprof=,2.345376, id=,S03, PRJADE,actvstrat=,-0.001749, actvprof=,2.847896, id=,S04, PRJADE,actvstrat=,0.968313, actvprof=,6.401933, id=,S05, PRJADE,actvstrat=,0.371662, actvprof=,3.122352, id=,S06, PRJADE,actvstrat=,-1.000000, actvprof=,4.991041, id=,S07, PRJADE,actvstrat=,-0.212845, actvprof=,0.411128, id=,S08, PRJADE,actvstrat=,-0.084382, actvprof=,0.309457, id=,S09, PRJADE,actvstrat=,0.476401, actvprof=,0.649194, id=,S10, PRJADE,actvstrat=,-0.250876, actvprof=,0.113894, id=,S11, PRJADE,actvstrat=,1.000000, actvprof=,0.557245, id=,S12, PRJADE,actvstrat=,0.164551, actvprof=,0.039168, id=,S13, PRJADE,actvstrat=,0.588390, actvprof=,0.031668, id=,S14, PRJADE,actvstrat=,-0.989547, actvprof=,0.118616, id=,S15, PRJADE,actvstrat=,0.984928, actvprof=,0.038335, id=,S16, PRJADE,actvstrat=,0.150545, actvprof=,0.000000, id=,S17, PRJADE,actvstrat=,0.480067, actvprof=,0.000000, id=,S18, PRJADE,actvstrat=,0.708908, actvprof=,0.000000, id=,S19, PRJADE,actvstrat=,-1.000000, actvprof=,0.000000, best_B_id=,B18, best_B_prof=,6.939456, best_B_strat=,0.631602, best_S_id=,S00, best_S_prof=,11.269081, best_S_strat=,1.000000, 
t=,79200, id=,B00, PRJADE,actvstrat=,0.718080, actvprof=,0.000000, id=,B01, PRJADE,actvstrat=,1.000000, actvprof=,0.000000, id=,B02, PRJADE,actvstrat=,0.814370, actvprof=,0.000000, id=,B03, PRJADE,actvstrat=,-0.475931, actvprof=,0.000000, id=,B04, PRJADE,actvstrat=,-0.116636, actvprof=,0.000000, id=,B05, PRJADE,actvstrat=,-0.610273, actvprof=,0.000000, id=,B06, PRJADE,actvstrat=,0.819684, actvprof=,0.012639, id=,B07, PRJADE,actvstrat=,0.429290, actvprof=,0.015834, id=,B08, PRJADE,actvstrat=,0.225959, actvprof=,0.040001, id=,B09, PRJADE,actvstrat=,0.900191, actvprof=,0.438202, id=,B10, PRJADE,actvstrat=,0.703697, actvprof=,0.577093, id=,B11, PRJADE,actvstrat=,0.226023, actvprof=,0.529870, id=,B12, PRJADE,actvstrat=,0.263621, actvprof=,0.980850, id=,B13, PRJADE,actvstrat=,-0.869397, actvprof=,1.538360, id=,B14, PRJADE,actvstrat=,-0.242474, actvprof=,1.794753, id=,B15, PRJADE,actvstrat=,-0.955493, actvprof=,4.501189, id=,B16, PRJADE,actvstrat=,-0.080846, actvprof=,3.464782, id=,B17, PRJADE,actvstrat=,0.443820, actvprof=,5.428983, id=,B18, PRJADE,actvstrat=,0.631602, actvprof=,6.834563, id=,B19, PRJADE,actvstrat=,-0.863986, actvprof=,6.083439, id=,S00, PRJADE,actvstrat=,1.000000, actvprof=,11.315613, id=,S01, PRJADE,actvstrat=,0.467758, actvprof=,7.202208, id=,S02, PRJADE,actvstrat=,-0.453518, actvprof=,2.176566, id=,S03, PRJADE,actvstrat=,-0.001749, actvprof=,2.913662, id=,S04, PRJADE,actvstrat=,0.968313, actvprof=,6.376500, id=,S05, PRJADE,actvstrat=,0.371662, actvprof=,2.909634, id=,S06, PRJADE,actvstrat=,-1.000000, actvprof=,5.039115, id=,S07, PRJADE,actvstrat=,-0.212845, actvprof=,0.359590, id=,S08, PRJADE,actvstrat=,-0.084382, actvprof=,0.289449, id=,S09, PRJADE,actvstrat=,0.476401, actvprof=,0.593205, id=,S10, PRJADE,actvstrat=,-0.250876, actvprof=,0.074168, id=,S11, PRJADE,actvstrat=,1.000000, actvprof=,0.544871, id=,S12, PRJADE,actvstrat=,0.164551, actvprof=,0.040834, id=,S13, PRJADE,actvstrat=,0.588390, actvprof=,0.032639, id=,S14, PRJADE,actvstrat=,-0.989547, actvprof=,0.113058, id=,S15, PRJADE,actvstrat=,0.984928, actvprof=,0.029862, id=,S16, PRJADE,actvstrat=,0.150545, actvprof=,0.001250, id=,S17, PRJADE,actvstrat=,0.480067, actvprof=,0.000000, id=,S18, PRJADE,actvstrat=,0.708908, actvprof=,0.000000, id=,S19, PRJADE,actvstrat=,-1.000000, actvprof=,0.000000, best_B_id=,B18, best_B_prof=,6.834563, best_B_strat=,0.631602, best_S_id=,S00, best_S_prof=,11.315613, best_S_strat=,1.000000, 
t=,82800, id=,B00, PRJADE,actvstrat=,0.456628, actvprof=,0.000000, id=,B01, PRJADE,actvstrat=,1.000000, actvprof=,0.000000, id=,B02, PRJADE,actvstrat=,-0.052899, actvprof=,0.000000, id=,B03, PRJADE,actvstrat=,-0.239634, actvprof=,0.001945, id=,B04, PRJADE,actvstrat=,0.316055, actvprof=,0.000000, id=,B05, PRJADE,actvstrat=,0.059104, actvprof=,0.000556, id=,B06, PRJADE,actvstrat=,0.103122, actvprof=,0.002222, id=,B07, PRJADE,actvstrat=,0.798164, actvprof=,0.086392, id=,B08, PRJADE,actvstrat=,1.000000, actvprof=,0.080281, id=,B09, PRJADE,actvstrat=,0.939601, actvprof=,0.404184, id=,B10, PRJADE,actvstrat=,0.760246, actvprof=,0.619192, id=,B11, PRJADE,actvstrat=,-0.047799, actvprof=,0.591414, id=,B12, PRJADE,actvstrat=,0.725681, actvprof=,1.762851, id=,B13, PRJADE,actvstrat=,-1.000000, actvprof=,3.699599, id=,B14, PRJADE,actvstrat=,-0.361226, actvprof=,1.907024, id=,B15, PRJADE,actvstrat=,-0.954852, actvprof=,4.313791, id=,B16, PRJADE,actvstrat=,-0.391639, actvprof=,3.540148, id=,B17, PRJADE,actvstrat=,-0.362709, actvprof=,4.227121, id=,B18, PRJADE,actvstrat=,0.923317, actvprof=,6.765282, id=,B19, PRJADE,actvstrat=,-0.479309, actvprof=,6.407489, id=,S00, PRJADE,actvstrat=,1.000000, actvprof=,10.842396, id=,S01, PRJADE,actvstrat=,-0.388854, actvprof=,2.812617, id=,S02, PRJADE,actvstrat=,0.517245, actvprof=,6.571107, id=,S03, PRJADE,actvstrat=,-0.318443, actvprof=,1.772018, id=,S04, PRJADE,actvstrat=,1.000000, actvprof=,6.209425, id=,S05, PRJADE,actvstrat=,0.514499, actvprof=,3.454588, id=,S06, PRJADE,actvstrat=,0.013408, actvprof=,1.868411, id=,S07, PRJADE,actvstrat=,1.000000, actvprof=,2.648999, id=,S08, PRJADE,actvstrat=,-0.516888, actvprof=,0.227509, id=,S09, PRJADE,actvstrat=,1.000000, actvprof=,1.273664, id=,S10, PRJADE,actvstrat=,-0.204051, actvprof=,0.068336, id=,S11, PRJADE,actvstrat=,0.983046, actvprof=,0.691418, id=,S12, PRJADE,actvstrat=,0.587339, actvprof=,0.158896, id=,S13, PRJADE,actvstrat=,0.734979, actvprof=,0.116394, id=,S14, PRJADE,actvstrat=,-1.000000, actvprof=,0.084726, id=,S15, PRJADE,actvstrat=,-0.074281, actvprof=,0.000000, id=,S16, PRJADE,actvstrat=,0.276760, actvprof=,0.004167, id=,S17, PRJADE,actvstrat=,0.557359, actvprof=,0.003611, id=,S18, PRJADE,actvstrat=,-0.134711, actvprof=,0.000000, id=,S19, PRJADE,actvstrat=,-0.651658, actvprof=,0.000000, best_B_id=,B18, best_B_prof=,6.765282, best_B_strat=,0.923317, best_S_id=,S00, best_S_prof=,10.842396, best_S_strat=,1.000000, 
