t=,0, id=,B00, PRDE,actvstrat=,-0.103653, actvprof=,0.000000, id=,B01, PRDE,actvstrat=,-0.627785, actvprof=,0.000000, id=,B02, PRDE,actvstrat=,0.887592, actvprof=,0.000000, id=,B03, PRDE,actvstrat=,-0.017393, actvprof=,0.000000, id=,B04, PRDE,actvstrat=,-0.486002, actvprof=,0.000000, id=,B05, PRDE,actvstrat=,0.968323, actvprof=,0.000000, id=,B06, PRDE,actvstrat=,-0.018189, actvprof=,0.000000, id=,B07, PRDE,actvstrat=,-0.137240, actvprof=,0.000000, id=,B08, PRDE,actvstrat=,0.503997, actvprof=,0.000000, id=,B09, PRDE,actvstrat=,-0.746663, actvprof=,0.000000, id=,B10, PRDE,actvstrat=,0.213802, actvprof=,0.000000, id=,B11, PRDE,actvstrat=,-0.421386, actvprof=,0.000000, id=,B12, PRDE,actvstrat=,0.752535, actvprof=,0.000000, id=,B13, PRDE,actvstrat=,0.163310, actvprof=,0.000000, id=,B14, PRDE,actvstrat=,-0.657319, actvprof=,0.000000, id=,B15, PRDE,actvstrat=,0.464958, actvprof=,0.000000, id=,B16, PRDE,actvstrat=,0.784690, actvprof=,0.000000, id=,B17, PRDE,actvstrat=,-0.270592, actvprof=,0.000000, id=,B18, PRDE,actvstrat=,0.346148, actvprof=,0.000000, id=,B19, PRDE,actvstrat=,0.874933, actvprof=,0.000000, id=,B20, PRDE,actvstrat=,0.219735, actvprof=,0.000000, id=,B21, PRDE,actvstrat=,0.551427, actvprof=,0.000000, id=,B22, PRDE,actvstrat=,-0.833105, actvprof=,0.000000, id=,B23, PRDE,actvstrat=,-0.706398, actvprof=,0.000000, id=,B24, PRDE,actvstrat=,0.214162, actvprof=,0.000000, id=,B25, PRDE,actvstrat=,0.149309, actvprof=,0.000000, id=,B26, PRDE,actvstrat=,0.935056, actvprof=,0.000000, id=,B27, PRDE,actvstrat=,-0.191270, actvprof=,0.000000, id=,B28, PRDE,actvstrat=,0.622208, actvprof=,0.000000, id=,B29, PRDE,actvstrat=,0.874011, actvprof=,0.000000, id=,S00, PRDE,actvstrat=,0.073462, actvprof=,0.000000, id=,S01, PRDE,actvstrat=,-0.674421, actvprof=,0.000000, id=,S02, PRDE,actvstrat=,-0.365092, actvprof=,0.000000, id=,S03, PRDE,actvstrat=,0.110806, actvprof=,0.000000, id=,S04, PRDE,actvstrat=,-0.459445, actvprof=,0.000000, id=,S05, PRDE,actvstrat=,0.952375, actvprof=,0.000000, id=,S06, PRDE,actvstrat=,-0.896273, actvprof=,0.000000, id=,S07, PRDE,actvstrat=,0.528753, actvprof=,0.000000, id=,S08, PRDE,actvstrat=,-0.355955, actvprof=,0.000000, id=,S09, PRDE,actvstrat=,-0.903202, actvprof=,0.000000, id=,S10, PRDE,actvstrat=,0.626670, actvprof=,0.000000, id=,S11, PRDE,actvstrat=,0.345685, actvprof=,0.000000, id=,S12, PRDE,actvstrat=,0.803410, actvprof=,0.000000, id=,S13, PRDE,actvstrat=,-0.068817, actvprof=,0.000000, id=,S14, PRDE,actvstrat=,-0.973255, actvprof=,0.000000, id=,S15, PRDE,actvstrat=,0.171505, actvprof=,0.000000, id=,S16, PRDE,actvstrat=,-0.663359, actvprof=,0.000000, id=,S17, PRDE,actvstrat=,0.252237, actvprof=,0.000000, id=,S18, PRDE,actvstrat=,-0.713270, actvprof=,0.000000, id=,S19, PRDE,actvstrat=,0.082007, actvprof=,0.000000, id=,S20, PRDE,actvstrat=,-0.869409, actvprof=,0.000000, id=,S21, PRDE,actvstrat=,0.355865, actvprof=,0.000000, id=,S22, PRDE,actvstrat=,-0.606318, actvprof=,0.000000, id=,S23, PRDE,actvstrat=,0.502629, actvprof=,0.000000, id=,S24, PRDE,actvstrat=,0.074347, actvprof=,0.000000, id=,S25, PRDE,actvstrat=,-0.670671, actvprof=,0.000000, id=,S26, PRDE,actvstrat=,0.472342, actvprof=,0.000000, id=,S27, PRDE,actvstrat=,-0.176907, actvprof=,0.000000, id=,S28, PRDE,actvstrat=,0.244151, actvprof=,0.000000, id=,S29, PRDE,actvstrat=,0.379258, actvprof=,0.000000, best_B_id=,B00, best_B_prof=,0.000000, best_B_strat=,-0.103653, best_S_id=,S00, best_S_prof=,0.000000, best_S_strat=,0.073462, 
t=,3600, id=,B00, PRDE,actvstrat=,-0.103653, actvprof=,0.000000, id=,B01, PRDE,actvstrat=,-0.627785, actvprof=,0.000000, id=,B02, PRDE,actvstrat=,0.887592, actvprof=,0.000000, id=,B03, PRDE,actvstrat=,-0.017393, actvprof=,0.000000, id=,B04, PRDE,actvstrat=,-0.486002, actvprof=,0.000000, id=,B05, PRDE,actvstrat=,0.968323, actvprof=,0.000000, id=,B06, PRDE,actvstrat=,-0.018189, actvprof=,0.000000, id=,B07, PRDE,actvstrat=,-0.137240, actvprof=,0.000000, id=,B08, PRDE,actvstrat=,0.503997, actvprof=,0.000000, id=,B09, PRDE,actvstrat=,-0.746663, actvprof=,0.000000, id=,B10, PRDE,actvstrat=,0.213802, actvprof=,0.003611, id=,B11, PRDE,actvstrat=,-0.421386, actvprof=,0.000000, id=,B12, PRDE,actvstrat=,0.752535, actvprof=,0.023333, id=,B13, PRDE,actvstrat=,0.163310, actvprof=,0.014444, id=,B14, PRDE,actvstrat=,-0.657319, actvprof=,0.032222, id=,B15, PRDE,actvstrat=,0.464958, actvprof=,0.093889, id=,B16, PRDE,actvstrat=,0.784690, actvprof=,0.282222, id=,B17, PRDE,actvstrat=,-0.270592, actvprof=,0.083333, id=,B18, PRDE,actvstrat=,0.346148, actvprof=,0.252500, id=,B19, PRDE,actvstrat=,0.874933, actvprof=,0.765833, id=,B20, PRDE,actvstrat=,0.219735, actvprof=,0.432500, id=,B21, PRDE,actvstrat=,0.551427, actvprof=,0.914444, id=,B22, PRDE,actvstrat=,-0.833105, actvprof=,0.665833, id=,B23, PRDE,actvstrat=,-0.706398, actvprof=,0.603056, id=,B24, PRDE,actvstrat=,0.214162, actvprof=,1.156667, id=,B25, PRDE,actvstrat=,0.149309, actvprof=,1.278889, id=,B26, PRDE,actvstrat=,0.935056, actvprof=,1.873889, id=,B27, PRDE,actvstrat=,-0.191270, actvprof=,1.333889, id=,B28, PRDE,actvstrat=,0.622208, actvprof=,2.715556, id=,B29, PRDE,actvstrat=,0.874011, actvprof=,3.017778, id=,S00, PRDE,actvstrat=,0.073462, actvprof=,4.657778, id=,S01, PRDE,actvstrat=,-0.674421, actvprof=,2.153889, id=,S02, PRDE,actvstrat=,-0.365092, actvprof=,2.048333, id=,S03, PRDE,actvstrat=,0.110806, actvprof=,3.728333, id=,S04, PRDE,actvstrat=,-0.459445, actvprof=,1.708889, id=,S05, PRDE,actvstrat=,0.952375, actvprof=,6.016944, id=,S06, PRDE,actvstrat=,-0.896273, actvprof=,0.176389, id=,S07, PRDE,actvstrat=,0.528753, actvprof=,3.570556, id=,S08, PRDE,actvstrat=,-0.355955, actvprof=,0.885833, id=,S09, PRDE,actvstrat=,-0.903202, actvprof=,0.129444, id=,S10, PRDE,actvstrat=,0.626670, actvprof=,2.776944, id=,S11, PRDE,actvstrat=,0.345685, actvprof=,1.718056, id=,S12, PRDE,actvstrat=,0.803410, actvprof=,2.631111, id=,S13, PRDE,actvstrat=,-0.068817, actvprof=,0.631111, id=,S14, PRDE,actvstrat=,-0.973255, actvprof=,1.120278, id=,S15, PRDE,actvstrat=,0.171505, actvprof=,0.682778, id=,S16, PRDE,actvstrat=,-0.663359, actvprof=,0.098611, id=,S17, PRDE,actvstrat=,0.252237, actvprof=,0.562222, id=,S18, PRDE,actvstrat=,-0.713270, actvprof=,0.066389, id=,S19, PRDE,actvstrat=,0.082007, actvprof=,0.209167, id=,S20, PRDE,actvstrat=,-0.869409, actvprof=,0.014722, id=,S21, PRDE,actvstrat=,0.355865, actvprof=,0.129444, id=,S22, PRDE,actvstrat=,-0.606318, actvprof=,0.003889, id=,S23, PRDE,actvstrat=,0.502629, actvprof=,0.078056, id=,S24, PRDE,actvstrat=,0.074347, actvprof=,0.024167, id=,S25, PRDE,actvstrat=,-0.670671, actvprof=,0.000000, id=,S26, PRDE,actvstrat=,0.472342, actvprof=,0.003889, id=,S27, PRDE,actvstrat=,-0.176907, actvprof=,0.000000, id=,S28, PRDE,actvstrat=,0.244151, actvprof=,0.000000, id=,S29, PRDE,actvstrat=,0.379258, actvprof=,0.000000, best_B_id=,B29, best_B_prof=,3.017778, best_B_strat=,0.874011, best_S_id=,S05, best_S_prof=,6.016944, best_S_strat=,0.952375, 
t=,7200, id=,B00, PRDE,actvstrat=,0.547160, actvprof=,0.000000, id=,B01, PRDE,actvstrat=,0.411789, actvprof=,0.000000, id=,B02, PRDE,actvstrat=,-0.891352, actvprof=,0.000000, id=,B03, PRDE,actvstrat=,0.192992, actvprof=,0.000000, id=,B04, PRDE,actvstrat=,-0.273803, actvprof=,0.000000, id=,B05, PRDE,actvstrat=,-0.175619, actvprof=,0.000000, id=,B06, PRDE,actvstrat=,0.218881, actvprof=,0.000000, id=,B07, PRDE,actvstrat=,0.868947, actvprof=,0.000000, id=,B08, PRDE,actvstrat=,0.522975, actvprof=,0.000000, id=,B09, PRDE,actvstrat=,0.261486, actvprof=,0.000000, id=,B10, PRDE,actvstrat=,-0.916090, actvprof=,0.000000, id=,B11, PRDE,actvstrat=,-0.090730, actvprof=,0.000000, id=,B12, PRDE,actvstrat=,0.194878, actvprof=,0.000000, id=,B13, PRDE,actvstrat=,-0.684052, actvprof=,0.000000, id=,B14, PRDE,actvstrat=,0.807844, actvprof=,0.000000, id=,B15, PRDE,actvstrat=,0.517976, actvprof=,0.000000, id=,B16, PRDE,actvstrat=,-0.801664, actvprof=,0.000000, id=,B17, PRDE,actvstrat=,0.163757, actvprof=,0.000000, id=,B18, PRDE,actvstrat=,0.202549, actvprof=,0.000000, id=,B19, PRDE,actvstrat=,-0.949334, actvprof=,0.000000, id=,B20, PRDE,actvstrat=,-0.585853, actvprof=,0.000000, id=,B21, PRDE,actvstrat=,0.166725, actvprof=,0.000000, id=,B22, PRDE,actvstrat=,0.434280, actvprof=,0.000000, id=,B23, PRDE,actvstrat=,-0.669006, actvprof=,0.000000, id=,B24, PRDE,actvstrat=,-0.938800, actvprof=,0.000000, id=,B25, PRDE,actvstrat=,0.681985, actvprof=,0.000000, id=,B26, PRDE,actvstrat=,0.882254, actvprof=,0.000000, id=,B27, PRDE,actvstrat=,-0.946675, actvprof=,0.000000, id=,B28, PRDE,actvstrat=,0.379865, actvprof=,0.000000, id=,B29, PRDE,actvstrat=,-0.723933, actvprof=,0.000000, id=,S00, PRDE,actvstrat=,-0.917412, actvprof=,0.000000, id=,S01, PRDE,actvstrat=,0.473880, actvprof=,0.000000, id=,S02, PRDE,actvstrat=,0.032049, actvprof=,0.000000, id=,S03, PRDE,actvstrat=,0.730853, actvprof=,0.000000, id=,S04, PRDE,actvstrat=,0.719466, actvprof=,0.000000, id=,S05, PRDE,actvstrat=,-0.825899, actvprof=,0.000000, id=,S06, PRDE,actvstrat=,0.803536, actvprof=,0.000000, id=,S07, PRDE,actvstrat=,0.972122, actvprof=,0.000000, id=,S08, PRDE,actvstrat=,0.530855, actvprof=,0.000000, id=,S09, PRDE,actvstrat=,-0.519001, actvprof=,0.000000, id=,S10, PRDE,actvstrat=,-0.676738, actvprof=,0.000000, id=,S11, PRDE,actvstrat=,0.013807, actvprof=,0.000000, id=,S12, PRDE,actvstrat=,0.492884, actvprof=,0.000000, id=,S13, PRDE,actvstrat=,0.827348, actvprof=,0.000000, id=,S14, PRDE,actvstrat=,-0.582575, actvprof=,0.000000, id=,S15, PRDE,actvstrat=,-0.552868, actvprof=,0.000000, id=,S16, PRDE,actvstrat=,0.356221, actvprof=,0.000000, id=,S17, PRDE,actvstrat=,-0.135162, actvprof=,0.000000, id=,S18, PRDE,actvstrat=,-0.450150, actvprof=,0.000000, id=,S19, PRDE,actvstrat=,-0.216727, actvprof=,0.000000, id=,S20, PRDE,actvstrat=,0.249669, actvprof=,0.000000, id=,S21, PRDE,actvstrat=,0.344927, actvprof=,0.000000, id=,S22, PRDE,actvstrat=,-0.805919, actvprof=,0.000000, id=,S23, PRDE,actvstrat=,-0.923364, actvprof=,0.000000, id=,S24, PRDE,actvstrat=,-0.091329, actvprof=,0.000000, id=,S25, PRDE,actvstrat=,-0.556124, actvprof=,0.000000, id=,S26, PRDE,actvstrat=,-0.312169, actvprof=,0.000000, id=,S27, PRDE,actvstrat=,0.734692, actvprof=,0.000000, id=,S28, PRDE,actvstrat=,-0.590940, actvprof=,0.000000, id=,S29, PRDE,actvstrat=,0.028447, actvprof=,0.000000, best_B_id=,B00, best_B_prof=,0.000000, best_B_strat=,0.547160, best_S_id=,S00, best_S_prof=,0.000000, best_S_strat=,-0.917412, 
t=,10800, id=,B00, PRDE,actvstrat=,0.547160, actvprof=,0.000000, id=,B01, PRDE,actvstrat=,0.411789, actvprof=,0.000000, id=,B02, PRDE,actvstrat=,-0.891352, actvprof=,0.000000, id=,B03, PRDE,actvstrat=,0.192992, actvprof=,0.000000, id=,B04, PRDE,actvstrat=,-0.273803, actvprof=,0.000000, id=,B05, PRDE,actvstrat=,-0.175619, actvprof=,0.000000, id=,B06, PRDE,actvstrat=,0.218881, actvprof=,0.000000, id=,B07, PRDE,actvstrat=,0.868947, actvprof=,0.000000, id=,B08, PRDE,actvstrat=,0.522975, actvprof=,0.000000, id=,B09, PRDE,actvstrat=,0.261486, actvprof=,0.002500, id=,B10, PRDE,actvstrat=,-0.916090, actvprof=,0.003611, id=,B11, PRDE,actvstrat=,-0.090730, actvprof=,0.000000, id=,B12, PRDE,actvstrat=,0.194878, actvprof=,0.018889, id=,B13, PRDE,actvstrat=,-0.684052, actvprof=,0.018333, id=,B14, PRDE,actvstrat=,0.807844, actvprof=,0.192500, id=,B15, PRDE,actvstrat=,0.517976, actvprof=,0.131667, id=,B16, PRDE,actvstrat=,-0.801664, actvprof=,0.091389, id=,B17, PRDE,actvstrat=,0.163757, actvprof=,0.196389, id=,B18, PRDE,actvstrat=,0.202549, actvprof=,0.337222, id=,B19, PRDE,actvstrat=,-0.949334, actvprof=,1.198333, id=,B20, PRDE,actvstrat=,-0.585853, actvprof=,0.387222, id=,B21, PRDE,actvstrat=,0.166725, actvprof=,0.790278, id=,B22, PRDE,actvstrat=,0.434280, actvprof=,1.282222, id=,B23, PRDE,actvstrat=,-0.669006, actvprof=,0.892778, id=,B24, PRDE,actvstrat=,-0.938800, actvprof=,2.327500, id=,B25, PRDE,actvstrat=,0.681985, actvprof=,2.410833, id=,B26, PRDE,actvstrat=,0.882254, actvprof=,2.542500, id=,B27, PRDE,actvstrat=,-0.946675, actvprof=,3.181111, id=,B28, PRDE,actvstrat=,0.379865, actvprof=,3.162222, id=,B29, PRDE,actvstrat=,-0.723933, actvprof=,2.717222, id=,S00, PRDE,actvstrat=,-0.917412, actvprof=,0.495278, id=,S01, PRDE,actvstrat=,0.473880, actvprof=,5.348889, id=,S02, PRDE,actvstrat=,0.032049, actvprof=,3.146944, id=,S03, PRDE,actvstrat=,0.730853, actvprof=,5.440000, id=,S04, PRDE,actvstrat=,0.719466, actvprof=,4.732222, id=,S05, PRDE,actvstrat=,-0.825899, actvprof=,0.408333, id=,S06, PRDE,actvstrat=,0.803536, actvprof=,4.677500, id=,S07, PRDE,actvstrat=,0.972122, actvprof=,4.322500, id=,S08, PRDE,actvstrat=,0.530855, actvprof=,2.393889, id=,S09, PRDE,actvstrat=,-0.519001, actvprof=,0.521111, id=,S10, PRDE,actvstrat=,-0.676738, actvprof=,0.310278, id=,S11, PRDE,actvstrat=,0.013807, actvprof=,0.924722, id=,S12, PRDE,actvstrat=,0.492884, actvprof=,1.224722, id=,S13, PRDE,actvstrat=,0.827348, actvprof=,1.807778, id=,S14, PRDE,actvstrat=,-0.582575, actvprof=,0.075278, id=,S15, PRDE,actvstrat=,-0.552868, actvprof=,0.068333, id=,S16, PRDE,actvstrat=,0.356221, actvprof=,0.418611, id=,S17, PRDE,actvstrat=,-0.135162, actvprof=,0.054444, id=,S18, PRDE,actvstrat=,-0.450150, actvprof=,0.024167, id=,S19, PRDE,actvstrat=,-0.216727, actvprof=,0.005278, id=,S20, PRDE,actvstrat=,0.249669, actvprof=,0.072222, id=,S21, PRDE,actvstrat=,0.344927, actvprof=,0.056667, id=,S22, PRDE,actvstrat=,-0.805919, actvprof=,0.006667, id=,S23, PRDE,actvstrat=,-0.923364, actvprof=,0.000000, id=,S24, PRDE,actvstrat=,-0.091329, actvprof=,0.000278, id=,S25, PRDE,actvstrat=,-0.556124, actvprof=,0.000000, id=,S26, PRDE,actvstrat=,-0.312169, actvprof=,0.000000, id=,S27, PRDE,actvstrat=,0.734692, actvprof=,0.000556, id=,S28, PRDE,actvstrat=,-0.590940, actvprof=,0.000000, id=,S29, PRDE,actvstrat=,0.028447, actvprof=,0.000000, best_B_id=,B27, best_B_prof=,3.181111, best_B_strat=,-0.946675, best_S_id=,S03, best_S_prof=,5.440000, best_S_strat=,0.730853, 
t=,14400, id=,B00, PRDE,actvstrat=,0.547160, actvprof=,0.000000, id=,B01, PRDE,actvstrat=,0.411789, actvprof=,0.000000, id=,B02, PRDE,actvstrat=,-0.891352, actvprof=,0.000000, id=,B03, PRDE,actvstrat=,0.192992, actvprof=,0.000000, id=,B04, PRDE,actvstrat=,-0.273803, actvprof=,0.000000, id=,B05, PRDE,actvstrat=,-0.175619, actvprof=,0.000000, id=,B06, PRDE,actvstrat=,0.218881, actvprof=,0.000000, id=,B07, PRDE,actvstrat=,0.868947, actvprof=,0.000139, id=,B08, PRDE,actvstrat=,0.522975, actvprof=,0.001667, id=,B09, PRDE,actvstrat=,0.261486, actvprof=,0.001250, id=,B10, PRDE,actvstrat=,-0.916090, actvprof=,0.004722, id=,B11, PRDE,actvstrat=,-0.090730, actvprof=,0.000000, id=,B12, PRDE,actvstrat=,0.194878, actvprof=,0.015694, id=,B13, PRDE,actvstrat=,-0.684052, actvprof=,0.013333, id=,B14, PRDE,actvstrat=,0.807844, actvprof=,0.184723, id=,B15, PRDE,actvstrat=,0.517976, actvprof=,0.143195, id=,B16, PRDE,actvstrat=,-0.801664, actvprof=,0.092500, id=,B17, PRDE,actvstrat=,0.163757, actvprof=,0.202362, id=,B18, PRDE,actvstrat=,0.202549, actvprof=,0.367779, id=,B19, PRDE,actvstrat=,-0.949334, actvprof=,1.183336, id=,B20, PRDE,actvstrat=,-0.585853, actvprof=,0.408334, id=,B21, PRDE,actvstrat=,0.166725, actvprof=,0.828335, id=,B22, PRDE,actvstrat=,0.434280, actvprof=,1.265142, id=,B23, PRDE,actvstrat=,-0.669006, actvprof=,0.885558, id=,B24, PRDE,actvstrat=,-0.938800, actvprof=,2.337089, id=,B25, PRDE,actvstrat=,0.681985, actvprof=,2.447228, id=,B26, PRDE,actvstrat=,0.882254, actvprof=,2.504311, id=,B27, PRDE,actvstrat=,-0.946675, actvprof=,3.261813, id=,B28, PRDE,actvstrat=,0.379865, actvprof=,3.161535, id=,B29, PRDE,actvstrat=,-0.723933, actvprof=,2.722784, id=,S00, PRDE,actvstrat=,-0.917412, actvprof=,0.502084, id=,S01, PRDE,actvstrat=,0.473880, actvprof=,5.120290, id=,S02, PRDE,actvstrat=,0.032049, actvprof=,3.234174, id=,S03, PRDE,actvstrat=,0.730853, actvprof=,5.589180, id=,S04, PRDE,actvstrat=,0.719466, actvprof=,4.830567, id=,S05, PRDE,actvstrat=,-0.825899, actvprof=,0.422223, id=,S06, PRDE,actvstrat=,0.803536, actvprof=,4.701816, id=,S07, PRDE,actvstrat=,0.972122, actvprof=,4.271954, id=,S08, PRDE,actvstrat=,0.530855, actvprof=,2.491672, id=,S09, PRDE,actvstrat=,-0.519001, actvprof=,0.400695, id=,S10, PRDE,actvstrat=,-0.676738, actvprof=,0.315556, id=,S11, PRDE,actvstrat=,0.013807, actvprof=,0.873058, id=,S12, PRDE,actvstrat=,0.492884, actvprof=,1.178336, id=,S13, PRDE,actvstrat=,0.827348, actvprof=,1.797365, id=,S14, PRDE,actvstrat=,-0.582575, actvprof=,0.114861, id=,S15, PRDE,actvstrat=,-0.552868, actvprof=,0.060556, id=,S16, PRDE,actvstrat=,0.356221, actvprof=,0.396529, id=,S17, PRDE,actvstrat=,-0.135162, actvprof=,0.054722, id=,S18, PRDE,actvstrat=,-0.450150, actvprof=,0.022500, id=,S19, PRDE,actvstrat=,-0.216727, actvprof=,0.009444, id=,S20, PRDE,actvstrat=,0.249669, actvprof=,0.066806, id=,S21, PRDE,actvstrat=,0.344927, actvprof=,0.064306, id=,S22, PRDE,actvstrat=,-0.805919, actvprof=,0.006944, id=,S23, PRDE,actvstrat=,-0.923364, actvprof=,0.000000, id=,S24, PRDE,actvstrat=,-0.091329, actvprof=,0.000139, id=,S25, PRDE,actvstrat=,-0.556124, actvprof=,0.000000, id=,S26, PRDE,actvstrat=,-0.312169, actvprof=,0.000000, id=,S27, PRDE,actvstrat=,0.734692, actvprof=,0.000833, id=,S28, PRDE,actvstrat=,-0.590940, actvprof=,0.000000, id=,S29, PRDE,actvstrat=,0.028447, actvprof=,0.000000, best_B_id=,B27, best_B_prof=,3.261813, best_B_strat=,-0.946675, best_S_id=,S03, best_S_prof=,5.589180, best_S_strat=,0.730853, 
t=,18000, id=,B00, PRDE,actvstrat=,0.857994, actvprof=,0.000000, id=,B01, PRDE,actvstrat=,0.411789, actvprof=,0.000000, id=,B02, PRDE,actvstrat=,0.792226, actvprof=,0.000000, id=,B03, PRDE,actvstrat=,-0.909667, actvprof=,0.000000, id=,B04, PRDE,actvstrat=,0.731057, actvprof=,0.000000, id=,B05, PRDE,actvstrat=,-0.175619, actvprof=,0.000000, id=,B06, PRDE,actvstrat=,0.030875, actvprof=,0.001111, id=,B07, PRDE,actvstrat=,0.628604, actvprof=,0.000556, id=,B08, PRDE,actvstrat=,0.880896, actvprof=,0.013611, id=,B09, PRDE,actvstrat=,0.261486, actvprof=,0.006667, id=,B10, PRDE,actvstrat=,-0.916090, actvprof=,0.058612, id=,B11, PRDE,actvstrat=,0.054876, actvprof=,0.034723, id=,B12, PRDE,actvstrat=,0.194878, actvprof=,0.092501, id=,B13, PRDE,actvstrat=,-0.684052, actvprof=,0.065278, id=,B14, PRDE,actvstrat=,-0.845963, actvprof=,0.364170, id=,B15, PRDE,actvstrat=,-0.682028, actvprof=,0.190280, id=,B16, PRDE,actvstrat=,0.289175, actvprof=,0.505005, id=,B17, PRDE,actvstrat=,-0.023204, actvprof=,0.392226, id=,B18, PRDE,actvstrat=,0.967472, actvprof=,0.691673, id=,B19, PRDE,actvstrat=,0.128209, actvprof=,0.858897, id=,B20, PRDE,actvstrat=,-0.585853, actvprof=,0.801952, id=,B21, PRDE,actvstrat=,0.166725, actvprof=,1.373346, id=,B22, PRDE,actvstrat=,0.364138, actvprof=,1.928073, id=,B23, PRDE,actvstrat=,0.977694, actvprof=,1.516403, id=,B24, PRDE,actvstrat=,-0.560072, actvprof=,1.720849, id=,B25, PRDE,actvstrat=,0.035435, actvprof=,2.278632, id=,B26, PRDE,actvstrat=,0.448263, actvprof=,2.988639, id=,B27, PRDE,actvstrat=,-0.946675, actvprof=,4.165039, id=,B28, PRDE,actvstrat=,0.902518, actvprof=,3.485866, id=,B29, PRDE,actvstrat=,0.751534, actvprof=,4.198928, id=,S00, PRDE,actvstrat=,0.433925, actvprof=,5.065880, id=,S01, PRDE,actvstrat=,-0.546625, actvprof=,1.698627, id=,S02, PRDE,actvstrat=,0.952305, actvprof=,6.028389, id=,S03, PRDE,actvstrat=,0.365101, actvprof=,3.577255, id=,S04, PRDE,actvstrat=,0.119735, actvprof=,2.631413, id=,S05, PRDE,actvstrat=,0.065295, actvprof=,2.395300, id=,S06, PRDE,actvstrat=,0.854011, actvprof=,4.307540, id=,S07, PRDE,actvstrat=,0.806231, actvprof=,3.772813, id=,S08, PRDE,actvstrat=,0.530855, actvprof=,2.405300, id=,S09, PRDE,actvstrat=,0.595976, actvprof=,2.103631, id=,S10, PRDE,actvstrat=,0.886613, actvprof=,3.015306, id=,S11, PRDE,actvstrat=,0.424757, actvprof=,1.355013, id=,S12, PRDE,actvstrat=,0.933197, actvprof=,2.350300, id=,S13, PRDE,actvstrat=,-0.848579, actvprof=,0.078612, id=,S14, PRDE,actvstrat=,-0.671490, actvprof=,0.101945, id=,S15, PRDE,actvstrat=,-0.658806, actvprof=,0.095001, id=,S16, PRDE,actvstrat=,-0.209167, actvprof=,0.068334, id=,S17, PRDE,actvstrat=,-0.975579, actvprof=,0.902231, id=,S18, PRDE,actvstrat=,-0.713270, actvprof=,0.027778, id=,S19, PRDE,actvstrat=,-0.747415, actvprof=,0.004167, id=,S20, PRDE,actvstrat=,0.249669, actvprof=,0.123612, id=,S21, PRDE,actvstrat=,-0.513710, actvprof=,0.005833, id=,S22, PRDE,actvstrat=,-0.805919, actvprof=,0.001944, id=,S23, PRDE,actvstrat=,-0.095379, actvprof=,0.007500, id=,S24, PRDE,actvstrat=,-0.416082, actvprof=,0.000000, id=,S25, PRDE,actvstrat=,0.989149, actvprof=,0.088612, id=,S26, PRDE,actvstrat=,0.472342, actvprof=,0.000000, id=,S27, PRDE,actvstrat=,0.734692, actvprof=,0.001389, id=,S28, PRDE,actvstrat=,0.969143, actvprof=,0.000278, id=,S29, PRDE,actvstrat=,0.210767, actvprof=,0.000000, best_B_id=,B29, best_B_prof=,4.198928, best_B_strat=,0.751534, best_S_id=,S02, best_S_prof=,6.028389, best_S_strat=,0.952305, 
t=,21600, id=,B00, PRDE,actvstrat=,0.857994, actvprof=,0.000000, id=,B01, PRDE,actvstrat=,0.411789, actvprof=,0.000000, id=,B02, PRDE,actvstrat=,0.792226, actvprof=,0.000000, id=,B03, PRDE,actvstrat=,-0.909667, actvprof=,0.000000, id=,B04, PRDE,actvstrat=,0.731057, actvprof=,0.000000, id=,B05, PRDE,actvstrat=,-0.175619, actvprof=,0.000000, id=,B06, PRDE,actvstrat=,0.030875, actvprof=,0.000556, id=,B07, PRDE,actvstrat=,0.628604, actvprof=,0.000972, id=,B08, PRDE,actvstrat=,0.880896, actvprof=,0.012500, id=,B09, PRDE,actvstrat=,0.261486, actvprof=,0.005278, id=,B10, PRDE,actvstrat=,-0.916090, actvprof=,0.062639, id=,B11, PRDE,actvstrat=,0.054876, actvprof=,0.030556, id=,B12, PRDE,actvstrat=,0.194878, actvprof=,0.087917, id=,B13, PRDE,actvstrat=,-0.684052, actvprof=,0.063611, id=,B14, PRDE,actvstrat=,-0.845963, actvprof=,0.310418, id=,B15, PRDE,actvstrat=,-0.682028, actvprof=,0.157223, id=,B16, PRDE,actvstrat=,0.289175, actvprof=,0.472502, id=,B17, PRDE,actvstrat=,-0.023204, actvprof=,0.416113, id=,B18, PRDE,actvstrat=,0.967472, actvprof=,0.685420, id=,B19, PRDE,actvstrat=,0.128209, actvprof=,0.952227, id=,B20, PRDE,actvstrat=,-0.585853, actvprof=,0.758754, id=,B21, PRDE,actvstrat=,0.166725, actvprof=,1.346534, id=,B22, PRDE,actvstrat=,0.364138, actvprof=,1.845147, id=,B23, PRDE,actvstrat=,0.977694, actvprof=,1.517924, id=,B24, PRDE,actvstrat=,-0.560072, actvprof=,1.789592, id=,B25, PRDE,actvstrat=,0.035435, actvprof=,2.250705, id=,B26, PRDE,actvstrat=,0.448263, actvprof=,3.089737, id=,B27, PRDE,actvstrat=,-0.946675, actvprof=,4.109880, id=,B28, PRDE,actvstrat=,0.902518, actvprof=,3.478488, id=,B29, PRDE,actvstrat=,0.751534, actvprof=,4.219047, id=,S00, PRDE,actvstrat=,0.433925, actvprof=,5.027801, id=,S01, PRDE,actvstrat=,-0.546625, actvprof=,1.733758, id=,S02, PRDE,actvstrat=,0.952305, actvprof=,6.064195, id=,S03, PRDE,actvstrat=,0.365101, actvprof=,3.693628, id=,S04, PRDE,actvstrat=,0.119735, actvprof=,2.520151, id=,S05, PRDE,actvstrat=,0.065295, actvprof=,2.259455, id=,S06, PRDE,actvstrat=,0.854011, actvprof=,4.338076, id=,S07, PRDE,actvstrat=,0.806231, actvprof=,3.759879, id=,S08, PRDE,actvstrat=,0.530855, actvprof=,2.401678, id=,S09, PRDE,actvstrat=,0.595976, actvprof=,2.166954, id=,S10, PRDE,actvstrat=,0.886613, actvprof=,3.080431, id=,S11, PRDE,actvstrat=,0.424757, actvprof=,1.283756, id=,S12, PRDE,actvstrat=,0.933197, actvprof=,2.336677, id=,S13, PRDE,actvstrat=,-0.848579, actvprof=,0.066528, id=,S14, PRDE,actvstrat=,-0.671490, actvprof=,0.128195, id=,S15, PRDE,actvstrat=,-0.658806, actvprof=,0.114167, id=,S16, PRDE,actvstrat=,-0.209167, actvprof=,0.078334, id=,S17, PRDE,actvstrat=,-0.975579, actvprof=,0.839448, id=,S18, PRDE,actvstrat=,-0.713270, actvprof=,0.025139, id=,S19, PRDE,actvstrat=,-0.747415, actvprof=,0.009444, id=,S20, PRDE,actvstrat=,0.249669, actvprof=,0.107917, id=,S21, PRDE,actvstrat=,-0.513710, actvprof=,0.008472, id=,S22, PRDE,actvstrat=,-0.805919, actvprof=,0.000972, id=,S23, PRDE,actvstrat=,-0.095379, actvprof=,0.004583, id=,S24, PRDE,actvstrat=,-0.416082, actvprof=,0.000000, id=,S25, PRDE,actvstrat=,0.989149, actvprof=,0.080556, id=,S26, PRDE,actvstrat=,0.472342, actvprof=,0.000000, id=,S27, PRDE,actvstrat=,0.734692, actvprof=,0.001389, id=,S28, PRDE,actvstrat=,0.969143, actvprof=,0.000139, id=,S29, PRDE,actvstrat=,0.210767, actvprof=,0.000000, best_B_id=,B29, best_B_prof=,4.219047, best_B_strat=,0.751534, best_S_id=,S02, best_S_prof=,6.064195, best_S_strat=,0.952305, 
t=,25200, id=,B00, PRDE,actvstrat=,0.410745, actvprof=,0.000000, id=,B01, PRDE,actvstrat=,1.000000, actvprof=,0.000000, id=,B02, PRDE,actvstrat=,0.614492, actvprof=,0.000000, id=,B03, PRDE,actvstrat=,0.361316, actvprof=,0.000000, id=,B04, PRDE,actvstrat=,1.000000, actvprof=,0.000000, id=,B05, PRDE,actvstrat=,-1.000000, actvprof=,0.000000, id=,B06, PRDE,actvstrat=,0.599279, actvprof=,0.000000, id=,B07, PRDE,actvstrat=,1.000000, actvprof=,0.000000, id=,B08, PRDE,actvstrat=,1.000000, actvprof=,0.000833, id=,B09, PRDE,actvstrat=,-0.681565, actvprof=,0.000000, id=,B10, PRDE,actvstrat=,-1.000000, actvprof=,0.010000, id=,B11, PRDE,actvstrat=,-0.088822, actvprof=,0.001944, id=,B12, PRDE,actvstrat=,0.613834, actvprof=,0.039723, id=,B13, PRDE,actvstrat=,0.249527, actvprof=,0.037501, id=,B14, PRDE,actvstrat=,1.000000, actvprof=,0.078334, id=,B15, PRDE,actvstrat=,0.072117, actvprof=,0.088612, id=,B16, PRDE,actvstrat=,0.314702, actvprof=,0.189169, id=,B17, PRDE,actvstrat=,1.000000, actvprof=,0.244170, id=,B18, PRDE,actvstrat=,-0.854096, actvprof=,0.441395, id=,B19, PRDE,actvstrat=,-0.123736, actvprof=,0.358061, id=,B20, PRDE,actvstrat=,0.036504, actvprof=,0.696399, id=,B21, PRDE,actvstrat=,-1.000000, actvprof=,2.288643, id=,B22, PRDE,actvstrat=,-0.682077, actvprof=,0.788344, id=,B23, PRDE,actvstrat=,0.241461, actvprof=,1.435020, id=,B24, PRDE,actvstrat=,1.000000, actvprof=,2.168919, id=,B25, PRDE,actvstrat=,1.000000, actvprof=,2.473368, id=,B26, PRDE,actvstrat=,-0.935359, actvprof=,3.015875, id=,B27, PRDE,actvstrat=,0.009370, actvprof=,2.653370, id=,B28, PRDE,actvstrat=,0.009023, actvprof=,3.197822, id=,B29, PRDE,actvstrat=,0.114194, actvprof=,3.510882, id=,S00, PRDE,actvstrat=,-0.890764, actvprof=,0.413061, id=,S01, PRDE,actvstrat=,0.413744, actvprof=,4.081168, id=,S02, PRDE,actvstrat=,-1.000000, actvprof=,6.837873, id=,S03, PRDE,actvstrat=,1.000000, actvprof=,5.798969, id=,S04, PRDE,actvstrat=,1.000000, actvprof=,5.271740, id=,S05, PRDE,actvstrat=,1.000000, actvprof=,4.808956, id=,S06, PRDE,actvstrat=,-1.000000, actvprof=,5.161183, id=,S07, PRDE,actvstrat=,0.628583, actvprof=,2.600314, id=,S08, PRDE,actvstrat=,-0.918322, actvprof=,0.085835, id=,S09, PRDE,actvstrat=,-0.704269, actvprof=,0.298060, id=,S10, PRDE,actvstrat=,-0.683858, actvprof=,0.248615, id=,S11, PRDE,actvstrat=,-0.147820, actvprof=,0.213892, id=,S12, PRDE,actvstrat=,-1.000000, actvprof=,2.606703, id=,S13, PRDE,actvstrat=,-0.551330, actvprof=,0.088612, id=,S14, PRDE,actvstrat=,1.000000, actvprof=,0.976680, id=,S15, PRDE,actvstrat=,-0.018289, actvprof=,0.131113, id=,S16, PRDE,actvstrat=,0.301868, actvprof=,0.144169, id=,S17, PRDE,actvstrat=,-0.576009, actvprof=,0.030000, id=,S18, PRDE,actvstrat=,-0.213000, actvprof=,0.009722, id=,S19, PRDE,actvstrat=,-0.038188, actvprof=,0.018056, id=,S20, PRDE,actvstrat=,1.000000, actvprof=,0.215003, id=,S21, PRDE,actvstrat=,0.456824, actvprof=,0.012500, id=,S22, PRDE,actvstrat=,-1.000000, actvprof=,0.065001, id=,S23, PRDE,actvstrat=,0.638688, actvprof=,0.002222, id=,S24, PRDE,actvstrat=,-0.873335, actvprof=,0.000000, id=,S25, PRDE,actvstrat=,-1.000000, actvprof=,0.001944, id=,S26, PRDE,actvstrat=,-0.933652, actvprof=,0.000000, id=,S27, PRDE,actvstrat=,-1.000000, actvprof=,0.000000, id=,S28, PRDE,actvstrat=,-0.914287, actvprof=,0.000000, id=,S29, PRDE,actvstrat=,1.000000, actvprof=,0.000000, best_B_id=,B29, best_B_prof=,3.510882, best_B_strat=,0.114194, best_S_id=,S02, best_S_prof=,6.837873, best_S_strat=,-1.000000, 
t=,28800, id=,B00, PRDE,actvstrat=,0.410745, actvprof=,0.000000, id=,B01, PRDE,actvstrat=,1.000000, actvprof=,0.000000, id=,B02, PRDE,actvstrat=,0.614492, actvprof=,0.000000, id=,B03, PRDE,actvstrat=,0.361316, actvprof=,0.000000, id=,B04, PRDE,actvstrat=,1.000000, actvprof=,0.000000, id=,B05, PRDE,actvstrat=,-1.000000, actvprof=,0.000000, id=,B06, PRDE,actvstrat=,0.599279, actvprof=,0.000000, id=,B07, PRDE,actvstrat=,1.000000, actvprof=,0.000139, id=,B08, PRDE,actvstrat=,1.000000, actvprof=,0.001111, id=,B09, PRDE,actvstrat=,-0.681565, actvprof=,0.000000, id=,B10, PRDE,actvstrat=,-1.000000, actvprof=,0.011389, id=,B11, PRDE,actvstrat=,-0.088822, actvprof=,0.001806, id=,B12, PRDE,actvstrat=,0.613834, actvprof=,0.033333, id=,B13, PRDE,actvstrat=,0.249527, actvprof=,0.038889, id=,B14, PRDE,actvstrat=,1.000000, actvprof=,0.079584, id=,B15, PRDE,actvstrat=,0.072117, actvprof=,0.086945, id=,B16, PRDE,actvstrat=,0.314702, actvprof=,0.189584, id=,B17, PRDE,actvstrat=,1.000000, actvprof=,0.251529, id=,B18, PRDE,actvstrat=,-0.854096, actvprof=,0.406113, id=,B19, PRDE,actvstrat=,-0.123736, actvprof=,0.366113, id=,B20, PRDE,actvstrat=,0.036504, actvprof=,0.694309, id=,B21, PRDE,actvstrat=,-1.000000, actvprof=,2.366955, id=,B22, PRDE,actvstrat=,-0.682077, actvprof=,0.733892, id=,B23, PRDE,actvstrat=,0.241461, actvprof=,1.510285, id=,B24, PRDE,actvstrat=,1.000000, actvprof=,2.212371, id=,B25, PRDE,actvstrat=,1.000000, actvprof=,2.500150, id=,B26, PRDE,actvstrat=,-0.935359, actvprof=,3.035153, id=,B27, PRDE,actvstrat=,0.009370, actvprof=,2.544456, id=,B28, PRDE,actvstrat=,0.009023, actvprof=,3.140987, id=,B29, PRDE,actvstrat=,0.114194, actvprof=,3.722101, id=,S00, PRDE,actvstrat=,-0.890764, actvprof=,0.371252, id=,S01, PRDE,actvstrat=,0.413744, actvprof=,4.143353, id=,S02, PRDE,actvstrat=,-1.000000, actvprof=,6.808087, id=,S03, PRDE,actvstrat=,1.000000, actvprof=,5.788777, id=,S04, PRDE,actvstrat=,1.000000, actvprof=,5.227802, id=,S05, PRDE,actvstrat=,1.000000, actvprof=,4.779744, id=,S06, PRDE,actvstrat=,-1.000000, actvprof=,5.063635, id=,S07, PRDE,actvstrat=,0.628583, actvprof=,2.514317, id=,S08, PRDE,actvstrat=,-0.918322, actvprof=,0.085000, id=,S09, PRDE,actvstrat=,-0.704269, actvprof=,0.272223, id=,S10, PRDE,actvstrat=,-0.683858, actvprof=,0.208751, id=,S11, PRDE,actvstrat=,-0.147820, actvprof=,0.191529, id=,S12, PRDE,actvstrat=,-1.000000, actvprof=,2.574595, id=,S13, PRDE,actvstrat=,-0.551330, actvprof=,0.088334, id=,S14, PRDE,actvstrat=,1.000000, actvprof=,0.956254, id=,S15, PRDE,actvstrat=,-0.018289, actvprof=,0.130417, id=,S16, PRDE,actvstrat=,0.301868, actvprof=,0.120834, id=,S17, PRDE,actvstrat=,-0.576009, actvprof=,0.020139, id=,S18, PRDE,actvstrat=,-0.213000, actvprof=,0.006944, id=,S19, PRDE,actvstrat=,-0.038188, actvprof=,0.025417, id=,S20, PRDE,actvstrat=,1.000000, actvprof=,0.218890, id=,S21, PRDE,actvstrat=,0.456824, actvprof=,0.014167, id=,S22, PRDE,actvstrat=,-1.000000, actvprof=,0.068473, id=,S23, PRDE,actvstrat=,0.638688, actvprof=,0.004722, id=,S24, PRDE,actvstrat=,-0.873335, actvprof=,0.000000, id=,S25, PRDE,actvstrat=,-1.000000, actvprof=,0.002500, id=,S26, PRDE,actvstrat=,-0.933652, actvprof=,0.000000, id=,S27, PRDE,actvstrat=,-1.000000, actvprof=,0.000000, id=,S28, PRDE,actvstrat=,-0.914287, actvprof=,0.000000, id=,S29, PRDE,actvstrat=,1.000000, actvprof=,0.000000, best_B_id=,B29, best_B_prof=,3.722101, best_B_strat=,0.114194, best_S_id=,S02, best_S_prof=,6.808087, best_S_strat=,-1.000000, 
t=,32400, id=,B00, PRDE,actvstrat=,0.053637, actvprof=,0.000000, id=,B01, PRDE,actvstrat=,0.687582, actvprof=,0.000000, id=,B02, PRDE,actvstrat=,0.614492, actvprof=,0.005000, id=,B03, PRDE,actvstrat=,0.948602, actvprof=,0.004167, id=,B04, PRDE,actvstrat=,-0.273803, actvprof=,0.000000, id=,B05, PRDE,actvstrat=,-0.163804, actvprof=,0.000833, id=,B06, PRDE,actvstrat=,0.490620, actvprof=,0.032501, id=,B07, PRDE,actvstrat=,0.628604, actvprof=,0.051668, id=,B08, PRDE,actvstrat=,0.522975, actvprof=,0.133059, id=,B09, PRDE,actvstrat=,-0.488872, actvprof=,0.037223, id=,B10, PRDE,actvstrat=,-0.916090, actvprof=,0.034167, id=,B11, PRDE,actvstrat=,-0.421386, actvprof=,0.061668, id=,B12, PRDE,actvstrat=,-0.038018, actvprof=,0.177504, id=,B13, PRDE,actvstrat=,0.579145, actvprof=,0.643070, id=,B14, PRDE,actvstrat=,-0.845963, actvprof=,0.083057, id=,B15, PRDE,actvstrat=,0.131598, actvprof=,0.709183, id=,B16, PRDE,actvstrat=,0.289175, actvprof=,0.978634, id=,B17, PRDE,actvstrat=,1.000000, actvprof=,2.096437, id=,B18, PRDE,actvstrat=,-0.854096, actvprof=,0.218894, id=,B19, PRDE,actvstrat=,-0.949334, actvprof=,0.911410, id=,B20, PRDE,actvstrat=,0.036504, actvprof=,1.505313, id=,B21, PRDE,actvstrat=,-0.488812, actvprof=,0.777240, id=,B22, PRDE,actvstrat=,-0.244269, actvprof=,1.262807, id=,B23, PRDE,actvstrat=,0.241461, actvprof=,2.849788, id=,B24, PRDE,actvstrat=,1.000000, actvprof=,4.715942, id=,B25, PRDE,actvstrat=,0.764327, actvprof=,5.088173, id=,B26, PRDE,actvstrat=,0.882254, actvprof=,5.892359, id=,B27, PRDE,actvstrat=,0.438367, actvprof=,4.927336, id=,B28, PRDE,actvstrat=,-0.230740, actvprof=,2.819787, id=,B29, PRDE,actvstrat=,-0.830983, actvprof=,1.644205, id=,S00, PRDE,actvstrat=,0.234164, actvprof=,2.273108, id=,S01, PRDE,actvstrat=,0.473880, actvprof=,2.368944, id=,S02, PRDE,actvstrat=,-0.655593, actvprof=,0.774462, id=,S03, PRDE,actvstrat=,0.969915, actvprof=,1.988657, id=,S04, PRDE,actvstrat=,-0.981403, actvprof=,2.617561, id=,S05, PRDE,actvstrat=,0.952375, actvprof=,1.700595, id=,S06, PRDE,actvstrat=,0.803536, actvprof=,1.621704, id=,S07, PRDE,actvstrat=,0.284639, actvprof=,0.775018, id=,S08, PRDE,actvstrat=,0.214506, actvprof=,0.451399, id=,S09, PRDE,actvstrat=,0.175678, actvprof=,0.445288, id=,S10, PRDE,actvstrat=,0.886613, actvprof=,0.952800, id=,S11, PRDE,actvstrat=,0.449454, actvprof=,0.372786, id=,S12, PRDE,actvstrat=,0.803410, actvprof=,0.602236, id=,S13, PRDE,actvstrat=,-0.504289, actvprof=,0.033056, id=,S14, PRDE,actvstrat=,1.000000, actvprof=,0.260562, id=,S15, PRDE,actvstrat=,0.171505, actvprof=,0.037223, id=,S16, PRDE,actvstrat=,0.427271, actvprof=,0.051390, id=,S17, PRDE,actvstrat=,-0.975579, actvprof=,0.174171, id=,S18, PRDE,actvstrat=,-0.713270, actvprof=,0.000000, id=,S19, PRDE,actvstrat=,-0.038188, actvprof=,0.003889, id=,S20, PRDE,actvstrat=,1.000000, actvprof=,0.031945, id=,S21, PRDE,actvstrat=,0.355865, actvprof=,0.000000, id=,S22, PRDE,actvstrat=,-0.526981, actvprof=,0.000000, id=,S23, PRDE,actvstrat=,-0.037494, actvprof=,0.000000, id=,S24, PRDE,actvstrat=,-0.298300, actvprof=,0.000000, id=,S25, PRDE,actvstrat=,0.989149, actvprof=,0.000278, id=,S26, PRDE,actvstrat=,0.598251, actvprof=,0.000000, id=,S27, PRDE,actvstrat=,-0.965599, actvprof=,0.003889, id=,S28, PRDE,actvstrat=,-0.590940, actvprof=,0.013611, id=,S29, PRDE,actvstrat=,0.028447, actvprof=,0.000000, best_B_id=,B26, best_B_prof=,5.892359, best_B_strat=,0.882254, best_S_id=,S04, best_S_prof=,2.617561, best_S_strat=,-0.981403, 
t=,36000, id=,B00, PRDE,actvstrat=,0.053637, actvprof=,0.000000, id=,B01, PRDE,actvstrat=,0.687582, actvprof=,0.000000, id=,B02, PRDE,actvstrat=,0.614492, actvprof=,0.002639, id=,B03, PRDE,actvstrat=,0.948602, actvprof=,0.007917, id=,B04, PRDE,actvstrat=,-0.273803, actvprof=,0.000000, id=,B05, PRDE,actvstrat=,-0.163804, actvprof=,0.000417, id=,B06, PRDE,actvstrat=,0.490620, actvprof=,0.024445, id=,B07, PRDE,actvstrat=,0.628604, actvprof=,0.052917, id=,B08, PRDE,actvstrat=,0.522975, actvprof=,0.118891, id=,B09, PRDE,actvstrat=,-0.488872, actvprof=,0.032639, id=,B10, PRDE,actvstrat=,-0.916090, actvprof=,0.039028, id=,B11, PRDE,actvstrat=,-0.421386, actvprof=,0.048751, id=,B12, PRDE,actvstrat=,-0.038018, actvprof=,0.193475, id=,B13, PRDE,actvstrat=,0.579145, actvprof=,0.655565, id=,B14, PRDE,actvstrat=,-0.845963, actvprof=,0.076390, id=,B15, PRDE,actvstrat=,0.131598, actvprof=,0.739316, id=,B16, PRDE,actvstrat=,0.289175, actvprof=,0.894040, id=,B17, PRDE,actvstrat=,1.000000, actvprof=,2.073501, id=,B18, PRDE,actvstrat=,-0.854096, actvprof=,0.216531, id=,B19, PRDE,actvstrat=,-0.949334, actvprof=,0.965708, id=,B20, PRDE,actvstrat=,0.036504, actvprof=,1.545577, id=,B21, PRDE,actvstrat=,-0.488812, actvprof=,0.841123, id=,B22, PRDE,actvstrat=,-0.244269, actvprof=,1.281546, id=,B23, PRDE,actvstrat=,0.241461, actvprof=,2.910874, id=,B24, PRDE,actvstrat=,1.000000, actvprof=,4.704371, id=,B25, PRDE,actvstrat=,0.764327, actvprof=,5.131321, id=,B26, PRDE,actvstrat=,0.882254, actvprof=,5.868276, id=,B27, PRDE,actvstrat=,0.438367, actvprof=,4.909374, id=,B28, PRDE,actvstrat=,-0.230740, actvprof=,2.620314, id=,B29, PRDE,actvstrat=,-0.830983, actvprof=,1.618495, id=,S00, PRDE,actvstrat=,0.234164, actvprof=,2.149474, id=,S01, PRDE,actvstrat=,0.473880, actvprof=,2.432534, id=,S02, PRDE,actvstrat=,-0.655593, actvprof=,0.842373, id=,S03, PRDE,actvstrat=,0.969915, actvprof=,1.978916, id=,S04, PRDE,actvstrat=,-0.981403, actvprof=,2.690593, id=,S05, PRDE,actvstrat=,0.952375, actvprof=,1.687523, id=,S06, PRDE,actvstrat=,0.803536, actvprof=,1.689885, id=,S07, PRDE,actvstrat=,0.284639, actvprof=,0.760011, id=,S08, PRDE,actvstrat=,0.214506, actvprof=,0.489035, id=,S09, PRDE,actvstrat=,0.175678, actvprof=,0.410006, id=,S10, PRDE,actvstrat=,0.886613, actvprof=,1.001542, id=,S11, PRDE,actvstrat=,0.449454, actvprof=,0.347366, id=,S12, PRDE,actvstrat=,0.803410, actvprof=,0.573341, id=,S13, PRDE,actvstrat=,-0.504289, actvprof=,0.038751, id=,S14, PRDE,actvstrat=,1.000000, actvprof=,0.255142, id=,S15, PRDE,actvstrat=,0.171505, actvprof=,0.041528, id=,S16, PRDE,actvstrat=,0.427271, actvprof=,0.058473, id=,S17, PRDE,actvstrat=,-0.975579, actvprof=,0.180975, id=,S18, PRDE,actvstrat=,-0.713270, actvprof=,0.000000, id=,S19, PRDE,actvstrat=,-0.038188, actvprof=,0.003194, id=,S20, PRDE,actvstrat=,1.000000, actvprof=,0.023750, id=,S21, PRDE,actvstrat=,0.355865, actvprof=,0.000000, id=,S22, PRDE,actvstrat=,-0.526981, actvprof=,0.000000, id=,S23, PRDE,actvstrat=,-0.037494, actvprof=,0.000000, id=,S24, PRDE,actvstrat=,-0.298300, actvprof=,0.000000, id=,S25, PRDE,actvstrat=,0.989149, actvprof=,0.000139, id=,S26, PRDE,actvstrat=,0.598251, actvprof=,0.000000, id=,S27, PRDE,actvstrat=,-0.965599, actvprof=,0.001944, id=,S28, PRDE,actvstrat=,-0.590940, actvprof=,0.006806, id=,S29, PRDE,actvstrat=,0.028447, actvprof=,0.000000, best_B_id=,B26, best_B_prof=,5.868276, best_B_strat=,0.882254, best_S_id=,S04, best_S_prof=,2.690593, best_S_strat=,-0.981403, 
t=,39600, id=,B00, PRDE,actvstrat=,0.331013, actvprof=,0.000000, id=,B01, PRDE,actvstrat=,1.000000, actvprof=,0.000000, id=,B02, PRDE,actvstrat=,0.375244, actvprof=,0.000000, id=,B03, PRDE,actvstrat=,-0.290599, actvprof=,0.000000, id=,B04, PRDE,actvstrat=,0.031113, actvprof=,0.000000, id=,B05, PRDE,actvstrat=,-1.000000, actvprof=,0.000000, id=,B06, PRDE,actvstrat=,-0.816907, actvprof=,0.000000, id=,B07, PRDE,actvstrat=,-0.310164, actvprof=,0.000000, id=,B08, PRDE,actvstrat=,1.000000, actvprof=,0.025834, id=,B09, PRDE,actvstrat=,0.205343, actvprof=,0.001111, id=,B10, PRDE,actvstrat=,-1.000000, actvprof=,0.068613, id=,B11, PRDE,actvstrat=,1.000000, actvprof=,0.120559, id=,B12, PRDE,actvstrat=,0.420613, actvprof=,0.029167, id=,B13, PRDE,actvstrat=,-0.163036, actvprof=,0.008611, id=,B14, PRDE,actvstrat=,0.497734, actvprof=,0.107503, id=,B15, PRDE,actvstrat=,0.000739, actvprof=,0.088614, id=,B16, PRDE,actvstrat=,0.236130, actvprof=,0.207506, id=,B17, PRDE,actvstrat=,-1.000000, actvprof=,1.470041, id=,B18, PRDE,actvstrat=,1.000000, actvprof=,0.893080, id=,B19, PRDE,actvstrat=,-1.000000, actvprof=,2.017000, id=,B20, PRDE,actvstrat=,0.036646, actvprof=,0.538626, id=,B21, PRDE,actvstrat=,-1.000000, actvprof=,2.836468, id=,B22, PRDE,actvstrat=,0.801946, actvprof=,2.112281, id=,B23, PRDE,actvstrat=,0.446407, actvprof=,1.667546, id=,B24, PRDE,actvstrat=,0.015151, actvprof=,1.244479, id=,B25, PRDE,actvstrat=,1.000000, actvprof=,3.637323, id=,B26, PRDE,actvstrat=,0.309214, actvprof=,2.135615, id=,B27, PRDE,actvstrat=,0.436445, actvprof=,3.130365, id=,B28, PRDE,actvstrat=,-0.156572, actvprof=,1.374205, id=,B29, PRDE,actvstrat=,0.853209, actvprof=,5.242923, id=,S00, PRDE,actvstrat=,-0.883440, actvprof=,0.667241, id=,S01, PRDE,actvstrat=,-1.000000, actvprof=,6.324898, id=,S02, PRDE,actvstrat=,1.000000, actvprof=,4.921803, id=,S03, PRDE,actvstrat=,1.000000, actvprof=,4.252896, id=,S04, PRDE,actvstrat=,-0.926363, actvprof=,0.566127, id=,S05, PRDE,actvstrat=,0.462282, actvprof=,2.500069, id=,S06, PRDE,actvstrat=,-1.000000, actvprof=,4.136782, id=,S07, PRDE,actvstrat=,0.353427, actvprof=,1.681158, id=,S08, PRDE,actvstrat=,1.000000, actvprof=,2.159782, id=,S09, PRDE,actvstrat=,1.000000, actvprof=,1.753104, id=,S10, PRDE,actvstrat=,-0.955192, actvprof=,0.624462, id=,S11, PRDE,actvstrat=,-0.396526, actvprof=,0.173338, id=,S12, PRDE,actvstrat=,-0.924069, actvprof=,0.150282, id=,S13, PRDE,actvstrat=,1.000000, actvprof=,0.723909, id=,S14, PRDE,actvstrat=,-0.601840, actvprof=,0.065002, id=,S15, PRDE,actvstrat=,-1.000000, actvprof=,0.797800, id=,S16, PRDE,actvstrat=,0.413061, actvprof=,0.099447, id=,S17, PRDE,actvstrat=,-0.642054, actvprof=,0.011667, id=,S18, PRDE,actvstrat=,-0.121008, actvprof=,0.005278, id=,S19, PRDE,actvstrat=,-1.000000, actvprof=,0.076669, id=,S20, PRDE,actvstrat=,-1.000000, actvprof=,0.011667, id=,S21, PRDE,actvstrat=,-1.000000, actvprof=,0.006111, id=,S22, PRDE,actvstrat=,0.129255, actvprof=,0.000556, id=,S23, PRDE,actvstrat=,0.401856, actvprof=,0.000000, id=,S24, PRDE,actvstrat=,-1.000000, actvprof=,0.000000, id=,S25, PRDE,actvstrat=,-0.402377, actvprof=,0.000000, id=,S26, PRDE,actvstrat=,-1.000000, actvprof=,0.000000, id=,S27, PRDE,actvstrat=,-0.572479, actvprof=,0.000000, id=,S28, PRDE,actvstrat=,0.359792, actvprof=,0.000000, id=,S29, PRDE,actvstrat=,-0.541729, actvprof=,0.000000, best_B_id=,B29, best_B_prof=,5.242923, best_B_strat=,0.853209, best_S_id=,S01, best_S_prof=,6.324898, best_S_strat=,-1.000000, 
t=,43200, id=,B00, PRDE,actvstrat=,0.331013, actvprof=,0.000000, id=,B01, PRDE,actvstrat=,1.000000, actvprof=,0.000000, id=,B02, PRDE,actvstrat=,0.375244, actvprof=,0.000000, id=,B03, PRDE,actvstrat=,-0.290599, actvprof=,0.000000, id=,B04, PRDE,actvstrat=,0.031113, actvprof=,0.000000, id=,B05, PRDE,actvstrat=,-1.000000, actvprof=,0.000972, id=,B06, PRDE,actvstrat=,-0.816907, actvprof=,0.000000, id=,B07, PRDE,actvstrat=,-0.310164, actvprof=,0.000000, id=,B08, PRDE,actvstrat=,1.000000, actvprof=,0.023473, id=,B09, PRDE,actvstrat=,0.205343, actvprof=,0.000833, id=,B10, PRDE,actvstrat=,-1.000000, actvprof=,0.061806, id=,B11, PRDE,actvstrat=,1.000000, actvprof=,0.134030, id=,B12, PRDE,actvstrat=,0.420613, actvprof=,0.027778, id=,B13, PRDE,actvstrat=,-0.163036, actvprof=,0.009306, id=,B14, PRDE,actvstrat=,0.497734, actvprof=,0.111252, id=,B15, PRDE,actvstrat=,0.000739, actvprof=,0.110279, id=,B16, PRDE,actvstrat=,0.236130, actvprof=,0.195836, id=,B17, PRDE,actvstrat=,-1.000000, actvprof=,1.450437, id=,B18, PRDE,actvstrat=,1.000000, actvprof=,0.898207, id=,B19, PRDE,actvstrat=,-1.000000, actvprof=,2.018917, id=,B20, PRDE,actvstrat=,0.036646, actvprof=,0.523479, id=,B21, PRDE,actvstrat=,-1.000000, actvprof=,2.802817, id=,B22, PRDE,actvstrat=,0.801946, actvprof=,2.122391, id=,B23, PRDE,actvstrat=,0.446407, actvprof=,1.657384, id=,B24, PRDE,actvstrat=,0.015151, actvprof=,1.285851, id=,B25, PRDE,actvstrat=,1.000000, actvprof=,3.578800, id=,B26, PRDE,actvstrat=,0.309214, actvprof=,2.233503, id=,B27, PRDE,actvstrat=,0.436445, actvprof=,3.066154, id=,B28, PRDE,actvstrat=,-0.156572, actvprof=,1.412103, id=,B29, PRDE,actvstrat=,0.853209, actvprof=,5.290212, id=,S00, PRDE,actvstrat=,-0.883440, actvprof=,0.761677, id=,S01, PRDE,actvstrat=,-1.000000, actvprof=,6.252309, id=,S02, PRDE,actvstrat=,1.000000, actvprof=,4.941735, id=,S03, PRDE,actvstrat=,1.000000, actvprof=,4.285476, id=,S04, PRDE,actvstrat=,-0.926363, actvprof=,0.631537, id=,S05, PRDE,actvstrat=,0.462282, actvprof=,2.571008, id=,S06, PRDE,actvstrat=,-1.000000, actvprof=,4.190753, id=,S07, PRDE,actvstrat=,0.353427, actvprof=,1.650301, id=,S08, PRDE,actvstrat=,1.000000, actvprof=,2.108918, id=,S09, PRDE,actvstrat=,1.000000, actvprof=,1.801553, id=,S10, PRDE,actvstrat=,-0.955192, actvprof=,0.626675, id=,S11, PRDE,actvstrat=,-0.396526, actvprof=,0.154724, id=,S12, PRDE,actvstrat=,-0.924069, actvprof=,0.154169, id=,S13, PRDE,actvstrat=,1.000000, actvprof=,0.726399, id=,S14, PRDE,actvstrat=,-0.601840, actvprof=,0.057640, id=,S15, PRDE,actvstrat=,-1.000000, actvprof=,0.807233, id=,S16, PRDE,actvstrat=,0.413061, actvprof=,0.099585, id=,S17, PRDE,actvstrat=,-0.642054, actvprof=,0.006945, id=,S18, PRDE,actvstrat=,-0.121008, actvprof=,0.005556, id=,S19, PRDE,actvstrat=,-1.000000, actvprof=,0.069168, id=,S20, PRDE,actvstrat=,-1.000000, actvprof=,0.015278, id=,S21, PRDE,actvstrat=,-1.000000, actvprof=,0.008333, id=,S22, PRDE,actvstrat=,0.129255, actvprof=,0.000278, id=,S23, PRDE,actvstrat=,0.401856, actvprof=,0.000000, id=,S24, PRDE,actvstrat=,-1.000000, actvprof=,0.000000, id=,S25, PRDE,actvstrat=,-0.402377, actvprof=,0.000000, id=,S26, PRDE,actvstrat=,-1.000000, actvprof=,0.000000, id=,S27, PRDE,actvstrat=,-0.572479, actvprof=,0.000000, id=,S28, PRDE,actvstrat=,0.359792, actvprof=,0.000000, id=,S29, PRDE,actvstrat=,-0.541729, actvprof=,0.000000, best_B_id=,B29, best_B_prof=,5.290212, best_B_strat=,0.853209, best_S_id=,S01, best_S_prof=,6.252309, best_S_strat=,-1.000000, 
t=,46800, id=,B00, PRDE,actvstrat=,0.547160, actvprof=,0.000000, id=,B01, PRDE,actvstrat=,1.000000, actvprof=,0.000000, id=,B02, PRDE,actvstrat=,0.614492, actvprof=,0.000000, id=,B03, PRDE,actvstrat=,0.948602, actvprof=,0.000000, id=,B04, PRDE,actvstrat=,0.831029, actvprof=,0.000000, id=,B05, PRDE,actvstrat=,-1.000000, actvprof=,0.000833, id=,B06, PRDE,actvstrat=,0.490620, actvprof=,0.000556, id=,B07, PRDE,actvstrat=,0.628604, actvprof=,0.002222, id=,B08, PRDE,actvstrat=,0.684749, actvprof=,0.008889, id=,B09, PRDE,actvstrat=,0.261486, actvprof=,0.010278, id=,B10, PRDE,actvstrat=,-0.818242, actvprof=,0.002778, id=,B11, PRDE,actvstrat=,0.556349, actvprof=,0.057502, id=,B12, PRDE,actvstrat=,0.141025, actvprof=,0.037779, id=,B13, PRDE,actvstrat=,0.249527, actvprof=,0.105836, id=,B14, PRDE,actvstrat=,0.807844, actvprof=,0.446957, id=,B15, PRDE,actvstrat=,0.131598, actvprof=,0.221673, id=,B16, PRDE,actvstrat=,0.275416, actvprof=,0.271396, id=,B17, PRDE,actvstrat=,-1.000000, actvprof=,1.303092, id=,B18, PRDE,actvstrat=,1.000000, actvprof=,0.897525, id=,B19, PRDE,actvstrat=,0.128209, actvprof=,0.586127, id=,B20, PRDE,actvstrat=,0.346597, actvprof=,0.908636, id=,B21, PRDE,actvstrat=,-1.000000, actvprof=,2.423678, id=,B22, PRDE,actvstrat=,0.801946, actvprof=,2.366732, id=,B23, PRDE,actvstrat=,0.446407, actvprof=,1.498097, id=,B24, PRDE,actvstrat=,-0.359786, actvprof=,0.595294, id=,B25, PRDE,actvstrat=,0.681985, actvprof=,2.895080, id=,B26, PRDE,actvstrat=,0.882254, actvprof=,3.785938, id=,B27, PRDE,actvstrat=,0.009370, actvprof=,1.971721, id=,B28, PRDE,actvstrat=,0.009023, actvprof=,2.498958, id=,B29, PRDE,actvstrat=,0.114194, actvprof=,3.028973, id=,S00, PRDE,actvstrat=,0.433925, actvprof=,4.351788, id=,S01, PRDE,actvstrat=,0.413744, actvprof=,4.244840, id=,S02, PRDE,actvstrat=,-0.186465, actvprof=,1.948665, id=,S03, PRDE,actvstrat=,-0.387427, actvprof=,1.421984, id=,S04, PRDE,actvstrat=,1.000000, actvprof=,3.673435, id=,S05, PRDE,actvstrat=,-0.945544, actvprof=,1.611989, id=,S06, PRDE,actvstrat=,-1.000000, actvprof=,3.990666, id=,S07, PRDE,actvstrat=,0.078597, actvprof=,1.462818, id=,S08, PRDE,actvstrat=,0.530855, actvprof=,1.767271, id=,S09, PRDE,actvstrat=,1.000000, actvprof=,1.869774, id=,S10, PRDE,actvstrat=,-0.955192, actvprof=,1.173366, id=,S11, PRDE,actvstrat=,0.013807, actvprof=,0.638907, id=,S12, PRDE,actvstrat=,-0.578748, actvprof=,0.226673, id=,S13, PRDE,actvstrat=,-0.551330, actvprof=,0.154727, id=,S14, PRDE,actvstrat=,1.000000, actvprof=,0.705020, id=,S15, PRDE,actvstrat=,0.628376, actvprof=,0.430290, id=,S16, PRDE,actvstrat=,0.356221, actvprof=,0.206117, id=,S17, PRDE,actvstrat=,0.025866, actvprof=,0.069724, id=,S18, PRDE,actvstrat=,-0.526141, actvprof=,0.003056, id=,S19, PRDE,actvstrat=,0.679535, actvprof=,0.090003, id=,S20, PRDE,actvstrat=,-0.167182, actvprof=,0.000000, id=,S21, PRDE,actvstrat=,-0.974756, actvprof=,0.092503, id=,S22, PRDE,actvstrat=,0.172706, actvprof=,0.000833, id=,S23, PRDE,actvstrat=,0.206589, actvprof=,0.000000, id=,S24, PRDE,actvstrat=,-1.000000, actvprof=,0.000000, id=,S25, PRDE,actvstrat=,-0.270283, actvprof=,0.000000, id=,S26, PRDE,actvstrat=,-0.933652, actvprof=,0.000000, id=,S27, PRDE,actvstrat=,0.734692, actvprof=,0.000000, id=,S28, PRDE,actvstrat=,0.724981, actvprof=,0.000000, id=,S29, PRDE,actvstrat=,-0.541729, actvprof=,0.000000, best_B_id=,B26, best_B_prof=,3.785938, best_B_strat=,0.882254, best_S_id=,S00, best_S_prof=,4.351788, best_S_strat=,0.433925, 
t=,50400, id=,B00, PRDE,actvstrat=,0.547160, actvprof=,0.000000, id=,B01, PRDE,actvstrat=,1.000000, actvprof=,0.000000, id=,B02, PRDE,actvstrat=,0.614492, actvprof=,0.000000, id=,B03, PRDE,actvstrat=,0.948602, actvprof=,0.000000, id=,B04, PRDE,actvstrat=,0.831029, actvprof=,0.001667, id=,B05, PRDE,actvstrat=,-1.000000, actvprof=,0.001111, id=,B06, PRDE,actvstrat=,0.490620, actvprof=,0.000556, id=,B07, PRDE,actvstrat=,0.628604, actvprof=,0.003611, id=,B08, PRDE,actvstrat=,0.684749, actvprof=,0.015833, id=,B09, PRDE,actvstrat=,0.261486, actvprof=,0.011528, id=,B10, PRDE,actvstrat=,-0.818242, actvprof=,0.001389, id=,B11, PRDE,actvstrat=,0.556349, actvprof=,0.055278, id=,B12, PRDE,actvstrat=,0.141025, actvprof=,0.043473, id=,B13, PRDE,actvstrat=,0.249527, actvprof=,0.100556, id=,B14, PRDE,actvstrat=,0.807844, actvprof=,0.451532, id=,B15, PRDE,actvstrat=,0.131598, actvprof=,0.193057, id=,B16, PRDE,actvstrat=,0.275416, actvprof=,0.268336, id=,B17, PRDE,actvstrat=,-1.000000, actvprof=,1.285706, id=,B18, PRDE,actvstrat=,1.000000, actvprof=,0.919592, id=,B19, PRDE,actvstrat=,0.128209, actvprof=,0.596672, id=,B20, PRDE,actvstrat=,0.346597, actvprof=,0.886675, id=,B21, PRDE,actvstrat=,-1.000000, actvprof=,2.490718, id=,B22, PRDE,actvstrat=,0.801946, actvprof=,2.380716, id=,B23, PRDE,actvstrat=,0.446407, actvprof=,1.562653, id=,B24, PRDE,actvstrat=,-0.359786, actvprof=,0.585005, id=,B25, PRDE,actvstrat=,0.681985, actvprof=,3.042112, id=,B26, PRDE,actvstrat=,0.882254, actvprof=,3.760313, id=,B27, PRDE,actvstrat=,0.009370, actvprof=,2.080853, id=,B28, PRDE,actvstrat=,0.009023, actvprof=,2.356133, id=,B29, PRDE,actvstrat=,0.114194, actvprof=,2.901277, id=,S00, PRDE,actvstrat=,0.433925, actvprof=,4.346568, id=,S01, PRDE,actvstrat=,0.413744, actvprof=,4.170316, id=,S02, PRDE,actvstrat=,-0.186465, actvprof=,2.026547, id=,S03, PRDE,actvstrat=,-0.387427, actvprof=,1.408207, id=,S04, PRDE,actvstrat=,1.000000, actvprof=,3.726701, id=,S05, PRDE,actvstrat=,-0.945544, actvprof=,1.643765, id=,S06, PRDE,actvstrat=,-1.000000, actvprof=,3.907397, id=,S07, PRDE,actvstrat=,0.078597, actvprof=,1.577653, id=,S08, PRDE,actvstrat=,0.530855, actvprof=,1.807378, id=,S09, PRDE,actvstrat=,1.000000, actvprof=,1.902934, id=,S10, PRDE,actvstrat=,-0.955192, actvprof=,1.115844, id=,S11, PRDE,actvstrat=,0.013807, actvprof=,0.622506, id=,S12, PRDE,actvstrat=,-0.578748, actvprof=,0.225835, id=,S13, PRDE,actvstrat=,-0.551330, actvprof=,0.149724, id=,S14, PRDE,actvstrat=,1.000000, actvprof=,0.749868, id=,S15, PRDE,actvstrat=,0.628376, actvprof=,0.429171, id=,S16, PRDE,actvstrat=,0.356221, actvprof=,0.185557, id=,S17, PRDE,actvstrat=,0.025866, actvprof=,0.069445, id=,S18, PRDE,actvstrat=,-0.526141, actvprof=,0.008195, id=,S19, PRDE,actvstrat=,0.679535, actvprof=,0.078890, id=,S20, PRDE,actvstrat=,-0.167182, actvprof=,0.001389, id=,S21, PRDE,actvstrat=,-0.974756, actvprof=,0.075417, id=,S22, PRDE,actvstrat=,0.172706, actvprof=,0.001528, id=,S23, PRDE,actvstrat=,0.206589, actvprof=,0.000000, id=,S24, PRDE,actvstrat=,-1.000000, actvprof=,0.001528, id=,S25, PRDE,actvstrat=,-0.270283, actvprof=,0.000000, id=,S26, PRDE,actvstrat=,-0.933652, actvprof=,0.000000, id=,S27, PRDE,actvstrat=,0.734692, actvprof=,0.000000, id=,S28, PRDE,actvstrat=,0.724981, actvprof=,0.000000, id=,S29, PRDE,actvstrat=,-0.541729, actvprof=,0.000000, best_B_id=,B26, best_B_prof=,3.760313, best_B_strat=,0.882254, best_S_id=,S00, best_S_prof=,4.346568, best_S_strat=,0.433925, 
t=,54000, id=,B00, PRDE,actvstrat=,0.607182, actvprof=,0.000000, id=,B01, PRDE,actvstrat=,-0.542087, actvprof=,0.000000, id=,B02, PRDE,actvstrat=,0.614492, actvprof=,0.000000, id=,B03, PRDE,actvstrat=,-0.290599, actvprof=,0.000000, id=,B04, PRDE,actvstrat=,0.756682, actvprof=,0.000000, id=,B05, PRDE,actvstrat=,-1.000000, actvprof=,0.000000, id=,B06, PRDE,actvstrat=,1.000000, actvprof=,0.000278, id=,B07, PRDE,actvstrat=,1.000000, actvprof=,0.002500, id=,B08, PRDE,actvstrat=,1.000000, actvprof=,0.016389, id=,B09, PRDE,actvstrat=,-0.681565, actvprof=,0.000000, id=,B10, PRDE,actvstrat=,-0.704196, actvprof=,0.000000, id=,B11, PRDE,actvstrat=,1.000000, actvprof=,0.089725, id=,B12, PRDE,actvstrat=,0.667687, actvprof=,0.033890, id=,B13, PRDE,actvstrat=,0.249527, actvprof=,0.023334, id=,B14, PRDE,actvstrat=,0.655828, actvprof=,0.087502, id=,B15, PRDE,actvstrat=,0.054322, actvprof=,0.072224, id=,B16, PRDE,actvstrat=,0.427564, actvprof=,0.210006, id=,B17, PRDE,actvstrat=,1.000000, actvprof=,0.621128, id=,B18, PRDE,actvstrat=,1.000000, actvprof=,0.710020, id=,B19, PRDE,actvstrat=,-0.911299, actvprof=,0.145837, id=,B20, PRDE,actvstrat=,0.983569, actvprof=,1.213367, id=,B21, PRDE,actvstrat=,-1.000000, actvprof=,2.140615, id=,B22, PRDE,actvstrat=,1.000000, actvprof=,1.665046, id=,B23, PRDE,actvstrat=,0.446407, actvprof=,1.206422, id=,B24, PRDE,actvstrat=,-0.417162, actvprof=,0.276397, id=,B25, PRDE,actvstrat=,1.000000, actvprof=,2.789800, id=,B26, PRDE,actvstrat=,0.309214, actvprof=,1.857274, id=,B27, PRDE,actvstrat=,-0.003422, actvprof=,1.678380, id=,B28, PRDE,actvstrat=,1.000000, actvprof=,4.043168, id=,B29, PRDE,actvstrat=,-1.000000, actvprof=,5.353482, id=,S00, PRDE,actvstrat=,-0.434367, actvprof=,2.545348, id=,S01, PRDE,actvstrat=,-0.939864, actvprof=,2.594239, id=,S02, PRDE,actvstrat=,-1.000000, actvprof=,6.068224, id=,S03, PRDE,actvstrat=,0.677023, actvprof=,4.651796, id=,S04, PRDE,actvstrat=,0.589623, actvprof=,3.955943, id=,S05, PRDE,actvstrat=,1.000000, actvprof=,4.175394, id=,S06, PRDE,actvstrat=,-0.603885, actvprof=,0.955027, id=,S07, PRDE,actvstrat=,0.078597, actvprof=,2.059224, id=,S08, PRDE,actvstrat=,-0.012981, actvprof=,1.431151, id=,S09, PRDE,actvstrat=,-1.000000, actvprof=,3.290925, id=,S10, PRDE,actvstrat=,-0.504803, actvprof=,0.448346, id=,S11, PRDE,actvstrat=,-0.864971, actvprof=,0.257785, id=,S12, PRDE,actvstrat=,1.000000, actvprof=,1.537543, id=,S13, PRDE,actvstrat=,0.952959, actvprof=,1.555321, id=,S14, PRDE,actvstrat=,-0.293385, actvprof=,0.166116, id=,S15, PRDE,actvstrat=,0.272251, actvprof=,0.350288, id=,S16, PRDE,actvstrat=,0.258385, actvprof=,0.268619, id=,S17, PRDE,actvstrat=,-1.000000, actvprof=,0.676963, id=,S18, PRDE,actvstrat=,-0.659358, actvprof=,0.032501, id=,S19, PRDE,actvstrat=,0.375741, actvprof=,0.093891, id=,S20, PRDE,actvstrat=,0.165038, actvprof=,0.040834, id=,S21, PRDE,actvstrat=,0.261366, actvprof=,0.036390, id=,S22, PRDE,actvstrat=,0.094494, actvprof=,0.005556, id=,S23, PRDE,actvstrat=,0.692094, actvprof=,0.003889, id=,S24, PRDE,actvstrat=,0.732369, actvprof=,0.004167, id=,S25, PRDE,actvstrat=,-1.000000, actvprof=,0.006389, id=,S26, PRDE,actvstrat=,0.651075, actvprof=,0.000000, id=,S27, PRDE,actvstrat=,-0.351927, actvprof=,0.000000, id=,S28, PRDE,actvstrat=,-1.000000, actvprof=,0.000000, id=,S29, PRDE,actvstrat=,-0.303485, actvprof=,0.000000, best_B_id=,B29, best_B_prof=,5.353482, best_B_strat=,-1.000000, best_S_id=,S02, best_S_prof=,6.068224, best_S_strat=,-1.000000, 
t=,57600, id=,B00, PRDE,actvstrat=,0.607182, actvprof=,0.000000, id=,B01, PRDE,actvstrat=,-0.542087, actvprof=,0.000000, id=,B02, PRDE,actvstrat=,0.614492, actvprof=,0.000000, id=,B03, PRDE,actvstrat=,-0.290599, actvprof=,0.000000, id=,B04, PRDE,actvstrat=,0.756682, actvprof=,0.000000, id=,B05, PRDE,actvstrat=,-1.000000, actvprof=,0.000000, id=,B06, PRDE,actvstrat=,1.000000, actvprof=,0.000139, id=,B07, PRDE,actvstrat=,1.000000, actvprof=,0.001806, id=,B08, PRDE,actvstrat=,1.000000, actvprof=,0.015417, id=,B09, PRDE,actvstrat=,-0.681565, actvprof=,0.000000, id=,B10, PRDE,actvstrat=,-0.704196, actvprof=,0.000000, id=,B11, PRDE,actvstrat=,1.000000, actvprof=,0.092918, id=,B12, PRDE,actvstrat=,0.667687, actvprof=,0.027778, id=,B13, PRDE,actvstrat=,0.249527, actvprof=,0.020278, id=,B14, PRDE,actvstrat=,0.655828, actvprof=,0.090695, id=,B15, PRDE,actvstrat=,0.054322, actvprof=,0.076945, id=,B16, PRDE,actvstrat=,0.427564, actvprof=,0.191530, id=,B17, PRDE,actvstrat=,1.000000, actvprof=,0.600563, id=,B18, PRDE,actvstrat=,1.000000, actvprof=,0.712647, id=,B19, PRDE,actvstrat=,-0.911299, actvprof=,0.158474, id=,B20, PRDE,actvstrat=,0.983569, actvprof=,1.204181, id=,B21, PRDE,actvstrat=,-1.000000, actvprof=,2.105163, id=,B22, PRDE,actvstrat=,1.000000, actvprof=,1.664464, id=,B23, PRDE,actvstrat=,0.446407, actvprof=,1.247931, id=,B24, PRDE,actvstrat=,-0.417162, actvprof=,0.327504, id=,B25, PRDE,actvstrat=,1.000000, actvprof=,2.733921, id=,B26, PRDE,actvstrat=,0.309214, actvprof=,1.873494, id=,B27, PRDE,actvstrat=,-0.003422, actvprof=,1.632102, id=,B28, PRDE,actvstrat=,1.000000, actvprof=,3.930462, id=,B29, PRDE,actvstrat=,-1.000000, actvprof=,5.325201, id=,S00, PRDE,actvstrat=,-0.434367, actvprof=,2.700448, id=,S01, PRDE,actvstrat=,-0.939864, actvprof=,2.479473, id=,S02, PRDE,actvstrat=,-1.000000, actvprof=,6.106182, id=,S03, PRDE,actvstrat=,0.677023, actvprof=,4.652971, id=,S04, PRDE,actvstrat=,0.589623, actvprof=,3.997546, id=,S05, PRDE,actvstrat=,1.000000, actvprof=,4.180604, id=,S06, PRDE,actvstrat=,-0.603885, actvprof=,1.017928, id=,S07, PRDE,actvstrat=,0.078597, actvprof=,2.008773, id=,S08, PRDE,actvstrat=,-0.012981, actvprof=,1.471684, id=,S09, PRDE,actvstrat=,-1.000000, actvprof=,3.356706, id=,S10, PRDE,actvstrat=,-0.504803, actvprof=,0.421255, id=,S11, PRDE,actvstrat=,-0.864971, actvprof=,0.262086, id=,S12, PRDE,actvstrat=,1.000000, actvprof=,1.568213, id=,S13, PRDE,actvstrat=,0.952959, actvprof=,1.548490, id=,S14, PRDE,actvstrat=,-0.293385, actvprof=,0.143752, id=,S15, PRDE,actvstrat=,0.272251, actvprof=,0.353199, id=,S16, PRDE,actvstrat=,0.258385, actvprof=,0.287364, id=,S17, PRDE,actvstrat=,-1.000000, actvprof=,0.689036, id=,S18, PRDE,actvstrat=,-0.659358, actvprof=,0.031806, id=,S19, PRDE,actvstrat=,0.375741, actvprof=,0.082501, id=,S20, PRDE,actvstrat=,0.165038, actvprof=,0.037084, id=,S21, PRDE,actvstrat=,0.261366, actvprof=,0.025556, id=,S22, PRDE,actvstrat=,0.094494, actvprof=,0.007083, id=,S23, PRDE,actvstrat=,0.692094, actvprof=,0.005278, id=,S24, PRDE,actvstrat=,0.732369, actvprof=,0.004583, id=,S25, PRDE,actvstrat=,-1.000000, actvprof=,0.004444, id=,S26, PRDE,actvstrat=,0.651075, actvprof=,0.000000, id=,S27, PRDE,actvstrat=,-0.351927, actvprof=,0.000000, id=,S28, PRDE,actvstrat=,-1.000000, actvprof=,0.000000, id=,S29, PRDE,actvstrat=,-0.303485, actvprof=,0.000000, best_B_id=,B29, best_B_prof=,5.325201, best_B_strat=,-1.000000, best_S_id=,S02, best_S_prof=,6.106182, best_S_strat=,-1.000000, 
t=,61200, id=,B00, PRDE,actvstrat=,0.167316, actvprof=,0.000000, id=,B01, PRDE,actvstrat=,1.000000, actvprof=,0.000000, id=,B02, PRDE,actvstrat=,0.304890, actvprof=,0.018889, id=,B03, PRDE,actvstrat=,0.192992, actvprof=,0.000000, id=,B04, PRDE,actvstrat=,0.031113, actvprof=,0.001944, id=,B05, PRDE,actvstrat=,-1.000000, actvprof=,0.000000, id=,B06, PRDE,actvstrat=,0.030875, actvprof=,0.005833, id=,B07, PRDE,actvstrat=,0.725285, actvprof=,0.011389, id=,B08, PRDE,actvstrat=,0.880896, actvprof=,0.002778, id=,B09, PRDE,actvstrat=,-0.488872, actvprof=,0.002500, id=,B10, PRDE,actvstrat=,-0.622797, actvprof=,0.000000, id=,B11, PRDE,actvstrat=,1.000000, actvprof=,0.027501, id=,B12, PRDE,actvstrat=,-0.038018, actvprof=,0.040001, id=,B13, PRDE,actvstrat=,0.249527, actvprof=,0.032501, id=,B14, PRDE,actvstrat=,0.497734, actvprof=,0.116670, id=,B15, PRDE,actvstrat=,0.503147, actvprof=,0.188894, id=,B16, PRDE,actvstrat=,0.289175, actvprof=,0.237507, id=,B17, PRDE,actvstrat=,-1.000000, actvprof=,0.783911, id=,B18, PRDE,actvstrat=,-0.878684, actvprof=,0.646685, id=,B19, PRDE,actvstrat=,-1.000000, actvprof=,1.490041, id=,B20, PRDE,actvstrat=,0.347308, actvprof=,0.978638, id=,B21, PRDE,actvstrat=,0.305903, actvprof=,1.104753, id=,B22, PRDE,actvstrat=,0.364138, actvprof=,1.423651, id=,B23, PRDE,actvstrat=,-0.555147, actvprof=,1.123642, id=,B24, PRDE,actvstrat=,0.832653, actvprof=,2.306731, id=,B25, PRDE,actvstrat=,0.953875, actvprof=,2.089225, id=,B26, PRDE,actvstrat=,-0.509648, actvprof=,1.732270, id=,B27, PRDE,actvstrat=,0.442735, actvprof=,3.012306, id=,B28, PRDE,actvstrat=,0.679569, actvprof=,3.673158, id=,B29, PRDE,actvstrat=,-0.723933, actvprof=,2.904525, id=,S00, PRDE,actvstrat=,-0.762202, actvprof=,1.352815, id=,S01, PRDE,actvstrat=,-0.939864, actvprof=,1.047807, id=,S02, PRDE,actvstrat=,0.032049, actvprof=,3.199811, id=,S03, PRDE,actvstrat=,1.000000, actvprof=,5.865996, id=,S04, PRDE,actvstrat=,0.589623, actvprof=,4.185672, id=,S05, PRDE,actvstrat=,1.000000, actvprof=,4.901525, id=,S06, PRDE,actvstrat=,-0.548602, actvprof=,0.767799, id=,S07, PRDE,actvstrat=,0.353427, actvprof=,2.142004, id=,S08, PRDE,actvstrat=,0.041415, actvprof=,1.263091, id=,S09, PRDE,actvstrat=,0.129346, actvprof=,1.252535, id=,S10, PRDE,actvstrat=,0.908163, actvprof=,2.978416, id=,S11, PRDE,actvstrat=,0.449454, actvprof=,1.348649, id=,S12, PRDE,actvstrat=,1.000000, actvprof=,1.808661, id=,S13, PRDE,actvstrat=,0.827348, actvprof=,1.647824, id=,S14, PRDE,actvstrat=,0.002466, actvprof=,0.419456, id=,S15, PRDE,actvstrat=,0.272251, actvprof=,0.350565, id=,S16, PRDE,actvstrat=,0.413061, actvprof=,0.408622, id=,S17, PRDE,actvstrat=,0.252237, actvprof=,0.217506, id=,S18, PRDE,actvstrat=,-0.484326, actvprof=,0.008611, id=,S19, PRDE,actvstrat=,0.375741, actvprof=,0.086391, id=,S20, PRDE,actvstrat=,0.836414, actvprof=,0.214728, id=,S21, PRDE,actvstrat=,-0.837118, actvprof=,0.000000, id=,S22, PRDE,actvstrat=,-1.000000, actvprof=,0.134170, id=,S23, PRDE,actvstrat=,0.638688, actvprof=,0.037501, id=,S24, PRDE,actvstrat=,-0.873335, actvprof=,0.000000, id=,S25, PRDE,actvstrat=,-1.000000, actvprof=,0.000556, id=,S26, PRDE,actvstrat=,0.892424, actvprof=,0.022501, id=,S27, PRDE,actvstrat=,-0.351927, actvprof=,0.000000, id=,S28, PRDE,actvstrat=,0.664819, actvprof=,0.000000, id=,S29, PRDE,actvstrat=,1.000000, actvprof=,0.010556, best_B_id=,B28, best_B_prof=,3.673158, best_B_strat=,0.679569, best_S_id=,S03, best_S_prof=,5.865996, best_S_strat=,1.000000, 
t=,64800, id=,B00, PRDE,actvstrat=,0.167316, actvprof=,0.000000, id=,B01, PRDE,actvstrat=,1.000000, actvprof=,0.000000, id=,B02, PRDE,actvstrat=,0.304890, actvprof=,0.009445, id=,B03, PRDE,actvstrat=,0.192992, actvprof=,0.000000, id=,B04, PRDE,actvstrat=,0.031113, actvprof=,0.000972, id=,B05, PRDE,actvstrat=,-1.000000, actvprof=,0.000000, id=,B06, PRDE,actvstrat=,0.030875, actvprof=,0.002917, id=,B07, PRDE,actvstrat=,0.725285, actvprof=,0.005833, id=,B08, PRDE,actvstrat=,0.880896, actvprof=,0.005278, id=,B09, PRDE,actvstrat=,-0.488872, actvprof=,0.002500, id=,B10, PRDE,actvstrat=,-0.622797, actvprof=,0.001111, id=,B11, PRDE,actvstrat=,1.000000, actvprof=,0.025000, id=,B12, PRDE,actvstrat=,-0.038018, actvprof=,0.024306, id=,B13, PRDE,actvstrat=,0.249527, actvprof=,0.037639, id=,B14, PRDE,actvstrat=,0.497734, actvprof=,0.128751, id=,B15, PRDE,actvstrat=,0.503147, actvprof=,0.178335, id=,B16, PRDE,actvstrat=,0.289175, actvprof=,0.228892, id=,B17, PRDE,actvstrat=,-1.000000, actvprof=,0.784870, id=,B18, PRDE,actvstrat=,-0.878684, actvprof=,0.671952, id=,B19, PRDE,actvstrat=,-1.000000, actvprof=,1.505295, id=,B20, PRDE,actvstrat=,0.347308, actvprof=,0.902927, id=,B21, PRDE,actvstrat=,0.305903, actvprof=,1.134735, id=,B22, PRDE,actvstrat=,0.364138, actvprof=,1.401683, id=,B23, PRDE,actvstrat=,-0.555147, actvprof=,1.098346, id=,B24, PRDE,actvstrat=,0.832653, actvprof=,2.314193, id=,B25, PRDE,actvstrat=,0.953875, actvprof=,2.112663, id=,B26, PRDE,actvstrat=,-0.509648, actvprof=,1.813077, id=,B27, PRDE,actvstrat=,0.442735, actvprof=,3.124064, id=,B28, PRDE,actvstrat=,0.679569, actvprof=,3.724210, id=,B29, PRDE,actvstrat=,-0.723933, actvprof=,2.912256, id=,S00, PRDE,actvstrat=,-0.762202, actvprof=,1.463350, id=,S01, PRDE,actvstrat=,-0.939864, actvprof=,1.149458, id=,S02, PRDE,actvstrat=,0.032049, actvprof=,3.155037, id=,S03, PRDE,actvstrat=,1.000000, actvprof=,5.865485, id=,S04, PRDE,actvstrat=,0.589623, actvprof=,4.109075, id=,S05, PRDE,actvstrat=,1.000000, actvprof=,4.868806, id=,S06, PRDE,actvstrat=,-0.548602, actvprof=,0.715286, id=,S07, PRDE,actvstrat=,0.353427, actvprof=,2.095302, id=,S08, PRDE,actvstrat=,0.041415, actvprof=,1.357655, id=,S09, PRDE,actvstrat=,0.129346, actvprof=,1.203764, id=,S10, PRDE,actvstrat=,0.908163, actvprof=,2.931701, id=,S11, PRDE,actvstrat=,0.449454, actvprof=,1.255709, id=,S12, PRDE,actvstrat=,1.000000, actvprof=,1.729742, id=,S13, PRDE,actvstrat=,0.827348, actvprof=,1.633630, id=,S14, PRDE,actvstrat=,0.002466, actvprof=,0.402505, id=,S15, PRDE,actvstrat=,0.272251, actvprof=,0.393199, id=,S16, PRDE,actvstrat=,0.413061, actvprof=,0.362226, id=,S17, PRDE,actvstrat=,0.252237, actvprof=,0.221530, id=,S18, PRDE,actvstrat=,-0.484326, actvprof=,0.012222, id=,S19, PRDE,actvstrat=,0.375741, actvprof=,0.078334, id=,S20, PRDE,actvstrat=,0.836414, actvprof=,0.209586, id=,S21, PRDE,actvstrat=,-0.837118, actvprof=,0.000000, id=,S22, PRDE,actvstrat=,-1.000000, actvprof=,0.153752, id=,S23, PRDE,actvstrat=,0.638688, actvprof=,0.022222, id=,S24, PRDE,actvstrat=,-0.873335, actvprof=,0.000000, id=,S25, PRDE,actvstrat=,-1.000000, actvprof=,0.001111, id=,S26, PRDE,actvstrat=,0.892424, actvprof=,0.011250, id=,S27, PRDE,actvstrat=,-0.351927, actvprof=,0.000000, id=,S28, PRDE,actvstrat=,0.664819, actvprof=,0.000000, id=,S29, PRDE,actvstrat=,1.000000, actvprof=,0.005278, best_B_id=,B28, best_B_prof=,3.724210, best_B_strat=,0.679569, best_S_id=,S03, best_S_prof=,5.865485, best_S_strat=,1.000000, 
t=,68400, id=,B00, PRDE,actvstrat=,0.079342, actvprof=,0.000000, id=,B01, PRDE,actvstrat=,0.114798, actvprof=,0.000000, id=,B02, PRDE,actvstrat=,-1.000000, actvprof=,0.000000, id=,B03, PRDE,actvstrat=,-0.764705, actvprof=,0.000000, id=,B04, PRDE,actvstrat=,-0.088317, actvprof=,0.000000, id=,B05, PRDE,actvstrat=,-1.000000, actvprof=,0.000000, id=,B06, PRDE,actvstrat=,-0.357162, actvprof=,0.000000, id=,B07, PRDE,actvstrat=,-0.151191, actvprof=,0.000833, id=,B08, PRDE,actvstrat=,-0.895163, actvprof=,0.000000, id=,B09, PRDE,actvstrat=,0.317629, actvprof=,0.000000, id=,B10, PRDE,actvstrat=,-1.000000, actvprof=,0.000556, id=,B11, PRDE,actvstrat=,1.000000, actvprof=,0.014167, id=,B12, PRDE,actvstrat=,0.923361, actvprof=,0.076669, id=,B13, PRDE,actvstrat=,-0.431054, actvprof=,0.006667, id=,B14, PRDE,actvstrat=,0.497734, actvprof=,0.048612, id=,B15, PRDE,actvstrat=,0.589353, actvprof=,0.129170, id=,B16, PRDE,actvstrat=,0.538275, actvprof=,0.213617, id=,B17, PRDE,actvstrat=,1.000000, actvprof=,0.240840, id=,B18, PRDE,actvstrat=,0.958795, actvprof=,0.537237, id=,B19, PRDE,actvstrat=,0.216910, actvprof=,0.520292, id=,B20, PRDE,actvstrat=,0.424832, actvprof=,0.812245, id=,B21, PRDE,actvstrat=,-1.000000, actvprof=,1.997833, id=,B22, PRDE,actvstrat=,0.528963, actvprof=,1.397539, id=,B23, PRDE,actvstrat=,-0.555147, actvprof=,0.794189, id=,B24, PRDE,actvstrat=,0.582690, actvprof=,2.004778, id=,B25, PRDE,actvstrat=,1.000000, actvprof=,1.903942, id=,B26, PRDE,actvstrat=,1.000000, actvprof=,2.288675, id=,B27, PRDE,actvstrat=,0.531967, actvprof=,2.923692, id=,B28, PRDE,actvstrat=,1.000000, actvprof=,3.185366, id=,B29, PRDE,actvstrat=,1.000000, actvprof=,3.767049, id=,S00, PRDE,actvstrat=,0.608287, actvprof=,6.392400, id=,S01, PRDE,actvstrat=,-0.939864, actvprof=,1.420595, id=,S02, PRDE,actvstrat=,1.000000, actvprof=,6.709909, id=,S03, PRDE,actvstrat=,0.354047, actvprof=,4.155949, id=,S04, PRDE,actvstrat=,-1.000000, actvprof=,6.686297, id=,S05, PRDE,actvstrat=,-0.556435, actvprof=,1.055307, id=,S06, PRDE,actvstrat=,0.125351, actvprof=,2.371177, id=,S07, PRDE,actvstrat=,-0.196234, actvprof=,0.857802, id=,S08, PRDE,actvstrat=,-1.000000, actvprof=,4.998750, id=,S09, PRDE,actvstrat=,1.000000, actvprof=,3.194255, id=,S10, PRDE,actvstrat=,0.130142, actvprof=,1.210867, id=,S11, PRDE,actvstrat=,-1.000000, actvprof=,3.541209, id=,S12, PRDE,actvstrat=,0.373838, actvprof=,1.103086, id=,S13, PRDE,actvstrat=,0.923783, actvprof=,2.173671, id=,S14, PRDE,actvstrat=,1.000000, actvprof=,1.260313, id=,S15, PRDE,actvstrat=,-0.308828, actvprof=,0.133893, id=,S16, PRDE,actvstrat=,0.529999, actvprof=,0.498625, id=,S17, PRDE,actvstrat=,-0.140815, actvprof=,0.076391, id=,S18, PRDE,actvstrat=,-0.782199, actvprof=,0.027501, id=,S19, PRDE,actvstrat=,0.375741, actvprof=,0.170560, id=,S20, PRDE,actvstrat=,-1.000000, actvprof=,0.658074, id=,S21, PRDE,actvstrat=,0.426531, actvprof=,0.067224, id=,S22, PRDE,actvstrat=,-0.593468, actvprof=,0.008334, id=,S23, PRDE,actvstrat=,0.250284, actvprof=,0.028612, id=,S24, PRDE,actvstrat=,0.157334, actvprof=,0.004167, id=,S25, PRDE,actvstrat=,0.789279, actvprof=,0.007778, id=,S26, PRDE,actvstrat=,-1.000000, actvprof=,0.021112, id=,S27, PRDE,actvstrat=,-0.351927, actvprof=,0.000000, id=,S28, PRDE,actvstrat=,1.000000, actvprof=,0.001667, id=,S29, PRDE,actvstrat=,1.000000, actvprof=,0.000000, best_B_id=,B29, best_B_prof=,3.767049, best_B_strat=,1.000000, best_S_id=,S02, best_S_prof=,6.709909, best_S_strat=,1.000000, 
t=,72000, id=,B00, PRDE,actvstrat=,0.079342, actvprof=,0.000000, id=,B01, PRDE,actvstrat=,0.114798, actvprof=,0.000000, id=,B02, PRDE,actvstrat=,-1.000000, actvprof=,0.000000, id=,B03, PRDE,actvstrat=,-0.764705, actvprof=,0.000000, id=,B04, PRDE,actvstrat=,-0.088317, actvprof=,0.000000, id=,B05, PRDE,actvstrat=,-1.000000, actvprof=,0.000000, id=,B06, PRDE,actvstrat=,-0.357162, actvprof=,0.000000, id=,B07, PRDE,actvstrat=,-0.151191, actvprof=,0.000417, id=,B08, PRDE,actvstrat=,-0.895163, actvprof=,0.000000, id=,B09, PRDE,actvstrat=,0.317629, actvprof=,0.000139, id=,B10, PRDE,actvstrat=,-1.000000, actvprof=,0.002361, id=,B11, PRDE,actvstrat=,1.000000, actvprof=,0.012500, id=,B12, PRDE,actvstrat=,0.923361, actvprof=,0.075418, id=,B13, PRDE,actvstrat=,-0.431054, actvprof=,0.006250, id=,B14, PRDE,actvstrat=,0.497734, actvprof=,0.057362, id=,B15, PRDE,actvstrat=,0.589353, actvprof=,0.125279, id=,B16, PRDE,actvstrat=,0.538275, actvprof=,0.195280, id=,B17, PRDE,actvstrat=,1.000000, actvprof=,0.238197, id=,B18, PRDE,actvstrat=,0.958795, actvprof=,0.545979, id=,B19, PRDE,actvstrat=,0.216910, actvprof=,0.506256, id=,B20, PRDE,actvstrat=,0.424832, actvprof=,0.777370, id=,B21, PRDE,actvstrat=,-1.000000, actvprof=,1.929883, id=,B22, PRDE,actvstrat=,0.528963, actvprof=,1.389877, id=,B23, PRDE,actvstrat=,-0.555147, actvprof=,0.826121, id=,B24, PRDE,actvstrat=,0.582690, actvprof=,2.011968, id=,B25, PRDE,actvstrat=,1.000000, actvprof=,1.930717, id=,B26, PRDE,actvstrat=,1.000000, actvprof=,2.275721, id=,B27, PRDE,actvstrat=,0.531967, actvprof=,3.013924, id=,B28, PRDE,actvstrat=,1.000000, actvprof=,3.182676, id=,B29, PRDE,actvstrat=,1.000000, actvprof=,3.870323, id=,S00, PRDE,actvstrat=,0.608287, actvprof=,6.338407, id=,S01, PRDE,actvstrat=,-0.939864, actvprof=,1.465573, id=,S02, PRDE,actvstrat=,1.000000, actvprof=,6.657299, id=,S03, PRDE,actvstrat=,0.354047, actvprof=,3.983241, id=,S04, PRDE,actvstrat=,-1.000000, actvprof=,6.647021, id=,S05, PRDE,actvstrat=,-0.556435, actvprof=,1.006678, id=,S06, PRDE,actvstrat=,0.125351, actvprof=,2.280721, id=,S07, PRDE,actvstrat=,-0.196234, actvprof=,0.927789, id=,S08, PRDE,actvstrat=,-1.000000, actvprof=,4.948113, id=,S09, PRDE,actvstrat=,1.000000, actvprof=,3.187815, id=,S10, PRDE,actvstrat=,0.130142, actvprof=,1.229736, id=,S11, PRDE,actvstrat=,-1.000000, actvprof=,3.593792, id=,S12, PRDE,actvstrat=,0.373838, actvprof=,1.032929, id=,S13, PRDE,actvstrat=,0.923783, actvprof=,2.147386, id=,S14, PRDE,actvstrat=,1.000000, actvprof=,1.309321, id=,S15, PRDE,actvstrat=,-0.308828, actvprof=,0.126529, id=,S16, PRDE,actvstrat=,0.529999, actvprof=,0.532784, id=,S17, PRDE,actvstrat=,-0.140815, actvprof=,0.068612, id=,S18, PRDE,actvstrat=,-0.782199, actvprof=,0.017917, id=,S19, PRDE,actvstrat=,0.375741, actvprof=,0.164169, id=,S20, PRDE,actvstrat=,-1.000000, actvprof=,0.641952, id=,S21, PRDE,actvstrat=,0.426531, actvprof=,0.078473, id=,S22, PRDE,actvstrat=,-0.593468, actvprof=,0.008750, id=,S23, PRDE,actvstrat=,0.250284, actvprof=,0.020417, id=,S24, PRDE,actvstrat=,0.157334, actvprof=,0.005278, id=,S25, PRDE,actvstrat=,0.789279, actvprof=,0.008195, id=,S26, PRDE,actvstrat=,-1.000000, actvprof=,0.014584, id=,S27, PRDE,actvstrat=,-0.351927, actvprof=,0.000000, id=,S28, PRDE,actvstrat=,1.000000, actvprof=,0.001528, id=,S29, PRDE,actvstrat=,1.000000, actvprof=,0.000000, best_B_id=,B29, best_B_prof=,3.870323, best_B_strat=,1.000000, best_S_id=,S02, best_S_prof=,6.657299, best_S_strat=,1.000000, 
t=,75600, id=,B00, PRDE,actvstrat=,0.410745, actvprof=,0.000000, id=,B01, PRDE,actvstrat=,0.547872, actvprof=,0.000000, id=,B02, PRDE,actvstrat=,-0.949980, actvprof=,0.000000, id=,B03, PRDE,actvstrat=,-0.243172, actvprof=,0.000000, id=,B04, PRDE,actvstrat=,0.831029, actvprof=,0.000000, id=,B05, PRDE,actvstrat=,-1.000000, actvprof=,0.000000, id=,B06, PRDE,actvstrat=,0.218881, actvprof=,0.000000, id=,B07, PRDE,actvstrat=,0.725285, actvprof=,0.000000, id=,B08, PRDE,actvstrat=,1.000000, actvprof=,0.000278, id=,B09, PRDE,actvstrat=,-0.556935, actvprof=,0.000000, id=,B10, PRDE,actvstrat=,-1.000000, actvprof=,0.003611, id=,B11, PRDE,actvstrat=,0.054876, actvprof=,0.001945, id=,B12, PRDE,actvstrat=,0.923361, actvprof=,0.074447, id=,B13, PRDE,actvstrat=,-0.165198, actvprof=,0.011111, id=,B14, PRDE,actvstrat=,0.807844, actvprof=,0.217785, id=,B15, PRDE,actvstrat=,0.517976, actvprof=,0.156116, id=,B16, PRDE,actvstrat=,0.735582, actvprof=,0.436681, id=,B17, PRDE,actvstrat=,-0.986484, actvprof=,0.703634, id=,B18, PRDE,actvstrat=,0.958795, actvprof=,0.658910, id=,B19, PRDE,actvstrat=,-0.614381, actvprof=,0.355012, id=,B20, PRDE,actvstrat=,0.983569, actvprof=,0.848361, id=,B21, PRDE,actvstrat=,-0.947572, actvprof=,1.606163, id=,B22, PRDE,actvstrat=,0.528963, actvprof=,1.601719, id=,B23, PRDE,actvstrat=,-0.669006, actvprof=,1.000310, id=,B24, PRDE,actvstrat=,1.000000, actvprof=,2.095623, id=,B25, PRDE,actvstrat=,1.000000, actvprof=,2.390077, id=,B26, PRDE,actvstrat=,1.000000, actvprof=,2.872871, id=,B27, PRDE,actvstrat=,0.531967, actvprof=,3.270939, id=,B28, PRDE,actvstrat=,-0.156572, actvprof=,2.686198, id=,B29, PRDE,actvstrat=,-1.000000, actvprof=,5.596848, id=,S00, PRDE,actvstrat=,0.234164, actvprof=,4.339030, id=,S01, PRDE,actvstrat=,-0.939864, actvprof=,1.106147, id=,S02, PRDE,actvstrat=,-1.000000, actvprof=,6.345483, id=,S03, PRDE,actvstrat=,0.677023, actvprof=,5.076276, id=,S04, PRDE,actvstrat=,0.719466, actvprof=,4.450144, id=,S05, PRDE,actvstrat=,0.462282, actvprof=,3.308441, id=,S06, PRDE,actvstrat=,-1.000000, actvprof=,4.884325, id=,S07, PRDE,actvstrat=,0.972122, actvprof=,3.976796, id=,S08, PRDE,actvstrat=,-1.000000, actvprof=,4.036242, id=,S09, PRDE,actvstrat=,1.000000, actvprof=,3.135102, id=,S10, PRDE,actvstrat=,-0.729997, actvprof=,0.291398, id=,S11, PRDE,actvstrat=,0.424757, actvprof=,1.268097, id=,S12, PRDE,actvstrat=,0.803410, actvprof=,1.757557, id=,S13, PRDE,actvstrat=,0.952959, actvprof=,1.988676, id=,S14, PRDE,actvstrat=,0.569024, actvprof=,0.742802, id=,S15, PRDE,actvstrat=,0.272251, actvprof=,0.419736, id=,S16, PRDE,actvstrat=,0.529999, actvprof=,0.368067, id=,S17, PRDE,actvstrat=,-1.000000, actvprof=,0.827805, id=,S18, PRDE,actvstrat=,-0.659358, actvprof=,0.017778, id=,S19, PRDE,actvstrat=,-0.755222, actvprof=,0.000000, id=,S20, PRDE,actvstrat=,0.165038, actvprof=,0.051113, id=,S21, PRDE,actvstrat=,0.456824, actvprof=,0.050279, id=,S22, PRDE,actvstrat=,-0.808910, actvprof=,0.000000, id=,S23, PRDE,actvstrat=,0.401856, actvprof=,0.006389, id=,S24, PRDE,actvstrat=,0.157334, actvprof=,0.004167, id=,S25, PRDE,actvstrat=,0.789279, actvprof=,0.002500, id=,S26, PRDE,actvstrat=,-0.698313, actvprof=,0.000000, id=,S27, PRDE,actvstrat=,-0.253298, actvprof=,0.000000, id=,S28, PRDE,actvstrat=,-0.590940, actvprof=,0.000000, id=,S29, PRDE,actvstrat=,0.948971, actvprof=,0.000000, best_B_id=,B29, best_B_prof=,5.596848, best_B_strat=,-1.000000, best_S_id=,S02, best_S_prof=,6.345483, best_S_strat=,-1.000000, 
t=,79200, id=,B00, PRDE,actvstrat=,0.410745, actvprof=,0.000000, id=,B01, PRDE,actvstrat=,0.547872, actvprof=,0.000000, id=,B02, PRDE,actvstrat=,-0.949980, actvprof=,0.000000, id=,B03, PRDE,actvstrat=,-0.243172, actvprof=,0.000000, id=,B04, PRDE,actvstrat=,0.831029, actvprof=,0.000000, id=,B05, PRDE,actvstrat=,-1.000000, actvprof=,0.000000, id=,B06, PRDE,actvstrat=,0.218881, actvprof=,0.000000, id=,B07, PRDE,actvstrat=,0.725285, actvprof=,0.000000, id=,B08, PRDE,actvstrat=,1.000000, actvprof=,0.000417, id=,B09, PRDE,actvstrat=,-0.556935, actvprof=,0.000000, id=,B10, PRDE,actvstrat=,-1.000000, actvprof=,0.002500, id=,B11, PRDE,actvstrat=,0.054876, actvprof=,0.002917, id=,B12, PRDE,actvstrat=,0.923361, actvprof=,0.079168, id=,B13, PRDE,actvstrat=,-0.165198, actvprof=,0.007500, id=,B14, PRDE,actvstrat=,0.807844, actvprof=,0.190975, id=,B15, PRDE,actvstrat=,0.517976, actvprof=,0.160141, id=,B16, PRDE,actvstrat=,0.735582, actvprof=,0.427090, id=,B17, PRDE,actvstrat=,-0.986484, actvprof=,0.671678, id=,B18, PRDE,actvstrat=,0.958795, actvprof=,0.650566, id=,B19, PRDE,actvstrat=,-0.614381, actvprof=,0.362923, id=,B20, PRDE,actvstrat=,0.983569, actvprof=,0.873209, id=,B21, PRDE,actvstrat=,-0.947572, actvprof=,1.553081, id=,B22, PRDE,actvstrat=,0.528963, actvprof=,1.557942, id=,B23, PRDE,actvstrat=,-0.669006, actvprof=,0.995016, id=,B24, PRDE,actvstrat=,1.000000, actvprof=,2.119895, id=,B25, PRDE,actvstrat=,1.000000, actvprof=,2.460040, id=,B26, PRDE,actvstrat=,1.000000, actvprof=,2.889630, id=,B27, PRDE,actvstrat=,0.531967, actvprof=,3.296442, id=,B28, PRDE,actvstrat=,-0.156572, actvprof=,2.663099, id=,B29, PRDE,actvstrat=,-1.000000, actvprof=,5.680370, id=,S00, PRDE,actvstrat=,0.234164, actvprof=,4.315903, id=,S01, PRDE,actvstrat=,-0.939864, actvprof=,1.175713, id=,S02, PRDE,actvstrat=,-1.000000, actvprof=,6.346214, id=,S03, PRDE,actvstrat=,0.677023, actvprof=,5.056749, id=,S04, PRDE,actvstrat=,0.719466, actvprof=,4.645075, id=,S05, PRDE,actvstrat=,0.462282, actvprof=,3.236997, id=,S06, PRDE,actvstrat=,-1.000000, actvprof=,4.772716, id=,S07, PRDE,actvstrat=,0.972122, actvprof=,4.016176, id=,S08, PRDE,actvstrat=,-1.000000, actvprof=,4.004648, id=,S09, PRDE,actvstrat=,1.000000, actvprof=,3.104356, id=,S10, PRDE,actvstrat=,-0.729997, actvprof=,0.278199, id=,S11, PRDE,actvstrat=,0.424757, actvprof=,1.210992, id=,S12, PRDE,actvstrat=,0.803410, actvprof=,1.809890, id=,S13, PRDE,actvstrat=,0.952959, actvprof=,1.962671, id=,S14, PRDE,actvstrat=,0.569024, actvprof=,0.704595, id=,S15, PRDE,actvstrat=,0.272251, actvprof=,0.413618, id=,S16, PRDE,actvstrat=,0.529999, actvprof=,0.353895, id=,S17, PRDE,actvstrat=,-1.000000, actvprof=,0.823763, id=,S18, PRDE,actvstrat=,-0.659358, actvprof=,0.016389, id=,S19, PRDE,actvstrat=,-0.755222, actvprof=,0.006389, id=,S20, PRDE,actvstrat=,0.165038, actvprof=,0.060695, id=,S21, PRDE,actvstrat=,0.456824, actvprof=,0.049584, id=,S22, PRDE,actvstrat=,-0.808910, actvprof=,0.000000, id=,S23, PRDE,actvstrat=,0.401856, actvprof=,0.013472, id=,S24, PRDE,actvstrat=,0.157334, actvprof=,0.002222, id=,S25, PRDE,actvstrat=,0.789279, actvprof=,0.001806, id=,S26, PRDE,actvstrat=,-0.698313, actvprof=,0.000000, id=,S27, PRDE,actvstrat=,-0.253298, actvprof=,0.000000, id=,S28, PRDE,actvstrat=,-0.590940, actvprof=,0.000000, id=,S29, PRDE,actvstrat=,0.948971, actvprof=,0.000000, best_B_id=,B29, best_B_prof=,5.680370, best_B_strat=,-1.000000, best_S_id=,S02, best_S_prof=,6.346214, best_S_strat=,-1.000000, 
t=,82800, id=,B00, PRDE,actvstrat=,0.909187, actvprof=,0.000000, id=,B01, PRDE,actvstrat=,-0.404890, actvprof=,0.000000, id=,B02, PRDE,actvstrat=,-1.000000, actvprof=,0.000000, id=,B03, PRDE,actvstrat=,-1.000000, actvprof=,0.000000, id=,B04, PRDE,actvstrat=,1.000000, actvprof=,0.000000, id=,B05, PRDE,actvstrat=,-0.523946, actvprof=,0.000000, id=,B06, PRDE,actvstrat=,1.000000, actvprof=,0.000000, id=,B07, PRDE,actvstrat=,-0.323766, actvprof=,0.000000, id=,B08, PRDE,actvstrat=,-0.799880, actvprof=,0.000000, id=,B09, PRDE,actvstrat=,-1.000000, actvprof=,0.000000, id=,B10, PRDE,actvstrat=,-1.000000, actvprof=,0.001111, id=,B11, PRDE,actvstrat=,0.754693, actvprof=,0.004445, id=,B12, PRDE,actvstrat=,0.923361, actvprof=,0.069724, id=,B13, PRDE,actvstrat=,-0.016329, actvprof=,0.016667, id=,B14, PRDE,actvstrat=,0.655828, actvprof=,0.104726, id=,B15, PRDE,actvstrat=,0.517976, actvprof=,0.148616, id=,B16, PRDE,actvstrat=,0.252575, actvprof=,0.212785, id=,B17, PRDE,actvstrat=,1.000000, actvprof=,0.473904, id=,B18, PRDE,actvstrat=,-0.995226, actvprof=,1.226984, id=,B19, PRDE,actvstrat=,-1.000000, actvprof=,1.624219, id=,B20, PRDE,actvstrat=,1.000000, actvprof=,1.448102, id=,B21, PRDE,actvstrat=,-1.000000, actvprof=,2.517304, id=,B22, PRDE,actvstrat=,0.562193, actvprof=,2.036455, id=,B23, PRDE,actvstrat=,1.000000, actvprof=,2.854537, id=,B24, PRDE,actvstrat=,-0.138919, actvprof=,1.829226, id=,B25, PRDE,actvstrat=,1.000000, actvprof=,3.887904, id=,B26, PRDE,actvstrat=,1.000000, actvprof=,4.427643, id=,B27, PRDE,actvstrat=,0.427386, actvprof=,4.182636, id=,B28, PRDE,actvstrat=,0.503892, actvprof=,4.780433, id=,B29, PRDE,actvstrat=,0.213076, actvprof=,4.831545, id=,S00, PRDE,actvstrat=,-0.862227, actvprof=,0.285009, id=,S01, PRDE,actvstrat=,-1.000000, actvprof=,6.877723, id=,S02, PRDE,actvstrat=,1.000000, actvprof=,5.779354, id=,S03, PRDE,actvstrat=,0.677023, actvprof=,4.273472, id=,S04, PRDE,actvstrat=,-1.000000, actvprof=,5.369063, id=,S05, PRDE,actvstrat=,-0.018718, actvprof=,1.371156, id=,S06, PRDE,actvstrat=,-1.000000, actvprof=,4.505146, id=,S07, PRDE,actvstrat=,-0.141528, actvprof=,0.488349, id=,S08, PRDE,actvstrat=,0.386506, actvprof=,1.124481, id=,S09, PRDE,actvstrat=,-1.000000, actvprof=,3.177047, id=,S10, PRDE,actvstrat=,-1.000000, actvprof=,2.845092, id=,S11, PRDE,actvstrat=,-0.178716, actvprof=,0.111392, id=,S12, PRDE,actvstrat=,-1.000000, actvprof=,1.834226, id=,S13, PRDE,actvstrat=,1.000000, actvprof=,0.929475, id=,S14, PRDE,actvstrat=,1.000000, actvprof=,0.735302, id=,S15, PRDE,actvstrat=,-0.308828, actvprof=,0.009723, id=,S16, PRDE,actvstrat=,0.103709, actvprof=,0.037779, id=,S17, PRDE,actvstrat=,1.000000, actvprof=,0.238619, id=,S18, PRDE,actvstrat=,-1.000000, actvprof=,0.121115, id=,S19, PRDE,actvstrat=,1.000000, actvprof=,0.051946, id=,S20, PRDE,actvstrat=,-1.000000, actvprof=,0.012500, id=,S21, PRDE,actvstrat=,-1.000000, actvprof=,0.008611, id=,S22, PRDE,actvstrat=,-0.808910, actvprof=,0.000000, id=,S23, PRDE,actvstrat=,0.098712, actvprof=,0.000000, id=,S24, PRDE,actvstrat=,0.157334, actvprof=,0.000000, id=,S25, PRDE,actvstrat=,-1.000000, actvprof=,0.000000, id=,S26, PRDE,actvstrat=,0.651075, actvprof=,0.000000, id=,S27, PRDE,actvstrat=,-0.273024, actvprof=,0.000000, id=,S28, PRDE,actvstrat=,1.000000, actvprof=,0.000000, id=,S29, PRDE,actvstrat=,-1.000000, actvprof=,0.000000, best_B_id=,B29, best_B_prof=,4.831545, best_B_strat=,0.213076, best_S_id=,S01, best_S_prof=,6.877723, best_S_strat=,-1.000000, 
